tiempo, entropia, caminos, bfr, msi, contador de fs, contador de fs bloqueados
1, 0.6190476190476191, 349.5886363636362 , -3.498757092932723 , 1.7619047619047619 , 19 , 0
2, 1.2380952380952381, 349.09772727272724 , -1.1529845148378846 , 3.8095238095238093 , 20 , 0
3, 1.5238095238095237, 349.0670454545454 , -1.1008631469558534 , 6.523809523809524 , 23 , 0
4, 1.8095238095238095, 349.0670454545454 , -1.367835462569826 , 9.238095238095237 , 15 , 0
5, 2.4761904761904763, 349.0670454545454 , -1.757965729406524 , 13.0 , 16 , 0
6, 2.761904761904762, 349.0670454545454 , -2.3862046813090934 , 16.047619047619047 , 16 , 0
7, 3.4761904761904763, 349.00568181818187 , 6.841592772821914 , 25.952380952380953 , 55 , 0
8, 3.5714285714285716, 349.00568181818187 , 17.126602307280148 , 31.904761904761905 , 35 , 0
9, 3.761904761904762, 349.00568181818187 , 0.24592506460868288 , 34.333333333333336 , 23 , 0
10, 4.238095238095238, 349.00568181818187 , 1.9594491453083847 , 43.61904761904762 , 33 , 0
11, 4.523809523809524, 349.00568181818187 , -3.8906628181465304 , 44.904761904761905 , 17 , 0
12, 4.904761904761905, 349.00568181818187 , 0.5737540079792423 , 49.76190476190476 , 37 , 0
13, 5.190476190476191, 349.00568181818187 , 1.4508080451255603 , 54.38095238095238 , 20 , 0
14, 5.380952380952381, 349.00568181818187 , 2.2015469859824677 , 58.333333333333336 , 23 , 0
15, 5.857142857142857, 349.00568181818187 , 1.6466584795782435 , 60.23809523809524 , 19 , 0
16, 6.333333333333333, 349.00568181818187 , 1.0870562506043289 , 66.42857142857143 , 24 , 0
17, 6.714285714285714, 349.00568181818187 , 0.904810607964909 , 68.52380952380952 , 23 , 0
18, 7.0, 349.00568181818187 , 0.3062509677207097 , 71.61904761904762 , 29 , 0
19, 7.761904761904762, 349.00568181818187 , 2.076332864946391 , 76.76190476190476 , 30 , 0
20, 7.904761904761905, 349.00568181818187 , 1.1445040169191476 , 79.38095238095238 , 23 , 0
21, 8.19047619047619, 349.00568181818187 , 0.29645790679683026 , 80.19047619047619 , 24 , 0
22, 8.428571428571429, 349.00568181818187 , 0.3255838587969234 , 82.52380952380952 , 6 , 0
23, 8.428571428571429, 349.00568181818187 , -1.9204336293687316 , 83.80952380952381 , 14 , 0
24, 8.714285714285714, 349.00568181818187 , 2.894184857674343 , 86.19047619047619 , 20 , 0
25, 8.80952380952381, 349.00568181818187 , 3.1152333868338298 , 86.9047619047619 , 11 , 0
26, 8.714285714285714, 349.00568181818187 , 2.068662388305508 , 87.28571428571429 , 4 , 0
27, 9.095238095238095, 349.00568181818187 , 1.3922861500860049 , 90.14285714285714 , 26 , 0
28, 9.095238095238095, 349.00568181818187 , 1.061456924705722 , 91.19047619047619 , 14 , 0
29, 9.571428571428571, 349.00568181818187 , 1.149419444303392 , 92.0952380952381 , 7 , 0
30, 10.047619047619047, 349.00568181818187 , 0.9164163676666531 , 97.28571428571429 , 43 , 0
31, 10.142857142857142, 349.00568181818187 , 0.861569721274361 , 100.85714285714286 , 25 , 0
32, 10.714285714285714, 349.00568181818187 , 0.30046818791057894 , 103.85714285714286 , 36 , 0
33, 11.095238095238095, 349.00568181818187 , 0.3102437048473419 , 108.61904761904762 , 13 , 0
34, 11.19047619047619, 349.00568181818187 , 0.5605632522909688 , 110.71428571428571 , 20 , 0
35, 11.80952380952381, 349.00568181818187 , 0.5423380239374348 , 113.61904761904762 , 40 , 0
36, 11.904761904761905, 349.00568181818187 , 0.7060095255232796 , 113.14285714285714 , 0 , 0
37, 12.952380952380953, 349.00568181818187 , -1.3252112480871308 , 123.33333333333333 , 45 , 0
38, 13.619047619047619, 349.00568181818187 , 1.1591962819134727 , 132.71428571428572 , 56 , 0
39, 14.0, 349.00568181818187 , 1.0439657675336043 , 132.85714285714286 , 9 , 0
40, 14.333333333333334, 349.00568181818187 , 1.2067672617394098 , 134.47619047619048 , 27 , 0
41, 14.619047619047619, 349.00568181818187 , 1.1989083053878897 , 137.52380952380952 , 10 , 0
42, 14.714285714285714, 349.00568181818187 , 2.650254718623048 , 139.38095238095238 , 18 , 0
43, 14.523809523809524, 349.00568181818187 , 2.0668356652336715 , 139.38095238095238 , 9 , 0
44, 14.904761904761905, 349.00568181818187 , 1.9067408358748308 , 141.52380952380952 , 17 , 0
45, 14.904761904761905, 349.00568181818187 , 1.9077431483873442 , 141.52380952380952 , 24 , 0
46, 15.0, 349.00568181818187 , 1.7535052813769512 , 141.52380952380952 , 8 , 0
47, 15.476190476190476, 349.00568181818187 , 1.477533234495379 , 143.61904761904762 , 40 , 0
48, 15.666666666666666, 349.00568181818187 , 1.5287572137876002 , 143.61904761904762 , 24 , 0
49, 16.047619047619047, 349.00568181818187 , 1.8238573063015704 , 143.61904761904762 , 10 , 0
50, 16.714285714285715, 349.00568181818187 , 1.5671165839142749 , 146.0952380952381 , 14 , 0
51, 17.095238095238095, 349.00568181818187 , 1.3067440777002144 , 150.85714285714286 , 41 , 0
52, 17.38095238095238, 349.00568181818187 , 1.348725080706052 , 156.42857142857142 , 31 , 0
53, 17.571428571428573, 349.00568181818187 , 1.3542864504331396 , 159.38095238095238 , 30 , 0
54, 17.904761904761905, 349.00568181818187 , 1.2447376380314898 , 163.71428571428572 , 25 , 0
55, 18.285714285714285, 349.00568181818187 , 1.2183822553292813 , 164.8095238095238 , 10 , 0
56, 18.476190476190474, 349.00568181818187 , 1.2014864560500276 , 164.8095238095238 , 23 , 0
57, 18.571428571428573, 349.00568181818187 , 1.167259723717384 , 169.14285714285714 , 12 , 0
58, 19.142857142857142, 349.00568181818187 , 1.209554876941029 , 169.14285714285714 , 14 , 0
59, 19.285714285714285, 349.00568181818187 , 1.1737243755771483 , 169.14285714285714 , 13 , 0
60, 19.238095238095237, 349.00568181818187 , 1.0522944851635334 , 171.47619047619048 , 32 , 0
61, 20.0, 349.00568181818187 , 1.2281878845255183 , 173.57142857142858 , 13 , 0
62, 20.238095238095237, 349.00568181818187 , 1.2387316302191596 , 176.47619047619048 , 15 , 0
63, 20.714285714285715, 349.00568181818187 , 1.1696916323578597 , 177.14285714285714 , 21 , 0
64, 20.80952380952381, 349.00568181818187 , 1.1647298873847642 , 180.47619047619048 , 14 , 0
65, 21.0, 349.00568181818187 , 1.0583270315978996 , 182.57142857142858 , 11 , 0
66, 21.0, 349.00568181818187 , 0.9542110300694995 , 182.42857142857142 , 17 , 0
67, 21.047619047619047, 349.00568181818187 , 8.540386573663723 , 185.52380952380952 , 33 , 0
68, 20.904761904761905, 349.00568181818187 , 0.40302918703182833 , 185.52380952380952 , 9 , 0
69, 20.523809523809526, 349.00568181818187 , 8.535955382726296 , 185.61904761904762 , 25 , 0
70, 20.61904761904762, 349.00568181818187 , 8.535218316004586 , 185.61904761904762 , 11 , 0
71, 20.904761904761905, 349.00568181818187 , 2.0041343088318153 , 192.28571428571428 , 29 , 0
72, 21.38095238095238, 349.00568181818187 , 2.6562678750220305 , 192.76190476190476 , 19 , 0
73, 21.285714285714285, 349.00568181818187 , 2.6539705922115133 , 192.76190476190476 , 11 , 0
74, 21.714285714285715, 349.00568181818187 , -2.471315128153112 , 193.61904761904762 , 17 , 0
75, 22.142857142857142, 349.00568181818187 , -0.6281753823048825 , 196.8095238095238 , 15 , 0
76, 22.238095238095237, 349.00568181818187 , -0.2619155911148876 , 199.8095238095238 , 32 , 0
77, 22.523809523809526, 349.00568181818187 , -5.900837486706193 , 200.04761904761904 , 21 , 0
78, 22.714285714285715, 349.00568181818187 , -0.511874323944262 , 206.04761904761904 , 8 , 0
79, 23.0, 349.00568181818187 , 1.6507190293959564 , 209.8095238095238 , 34 , 0
80, 23.0, 349.00568181818187 , 1.6479477402168299 , 209.8095238095238 , 3 , 0
81, 22.523809523809526, 349.00568181818187 , 1.6151828763310898 , 210.71428571428572 , 12 , 0
82, 22.61904761904762, 349.00568181818187 , 1.9231176834060162 , 210.71428571428572 , 25 , 0
83, 23.047619047619047, 349.00568181818187 , 1.8385461838456152 , 208.52380952380952 , 30 , 0
84, 23.61904761904762, 349.00568181818187 , 1.3963590880332515 , 209.61904761904762 , 22 , 0
85, 23.904761904761905, 349.00568181818187 , 1.3547052585069812 , 209.61904761904762 , 21 , 0
86, 24.285714285714285, 349.00568181818187 , 1.38565532014275 , 214.47619047619048 , 26 , 0
87, 24.666666666666668, 349.00568181818187 , 1.3589312489280718 , 217.0 , 25 , 0
88, 24.761904761904763, 349.00568181818187 , 1.266137184054664 , 217.33333333333334 , 24 , 0
89, 24.857142857142858, 349.00568181818187 , 1.2634161977818965 , 217.33333333333334 , 23 , 0
90, 24.952380952380953, 349.00568181818187 , 1.2744183121507722 , 217.33333333333334 , 14 , 0
91, 25.047619047619047, 349.00568181818187 , 1.302882905620793 , 218.52380952380952 , 22 , 0
92, 25.095238095238095, 349.00568181818187 , 1.2315309579338778 , 218.52380952380952 , 46 , 0
93, 25.80952380952381, 349.00568181818187 , 1.1817671478206457 , 227.0 , 43 , 0
94, 25.523809523809526, 349.00568181818187 , 1.1976877654117037 , 228.0 , 24 , 0
95, 25.238095238095237, 349.00568181818187 , 1.1528155024944906 , 229.71428571428572 , 42 , 0
96, 25.38095238095238, 349.00568181818187 , 1.160874569120488 , 232.57142857142858 , 39 , 0
97, 26.047619047619047, 349.00568181818187 , 1.1593737861074165 , 230.42857142857142 , 10 , 0
98, 26.238095238095237, 349.00568181818187 , 1.158783618095318 , 230.42857142857142 , 16 , 0
99, 26.523809523809526, 349.00568181818187 , 1.1676332073769058 , 232.14285714285714 , 13 , 0
100, 26.61904761904762, 349.00568181818187 , 1.197062543871525 , 235.76190476190476 , 12 , 0
101, 26.428571428571427, 349.00568181818187 , 1.1620509021080994 , 236.14285714285714 , 20 , 0
102, 26.476190476190474, 349.00568181818187 , 1.115861395966314 , 235.04761904761904 , 46 , 0
103, 26.666666666666668, 349.00568181818187 , 1.1272759471413 , 235.04761904761904 , 11 , 0
104, 26.666666666666668, 349.00568181818187 , 1.1248104961993293 , 236.28571428571428 , 4 , 0
105, 26.571428571428573, 349.00568181818187 , 1.1278141954771874 , 236.28571428571428 , 17 , 0
106, 26.666666666666668, 349.00568181818187 , 1.1070833427059694 , 243.14285714285714 , 37 , 0
107, 27.0, 349.00568181818187 , 1.1055074894542531 , 247.14285714285714 , 24 , 0
108, 27.285714285714285, 349.00568181818187 , 1.1142547189344831 , 248.42857142857142 , 8 , 0
109, 27.571428571428573, 349.00568181818187 , 1.1171843880143182 , 248.42857142857142 , 14 , 0
110, 27.571428571428573, 349.00568181818187 , 1.1144998420115488 , 250.95238095238096 , 16 , 0
111, 27.761904761904763, 349.00568181818187 , 1.1118023354788265 , 251.85714285714286 , 18 , 0
112, 27.857142857142858, 349.00568181818187 , 1.1159984462063195 , 251.85714285714286 , 14 , 0
113, 28.476190476190474, 349.00568181818187 , 1.0979686987708552 , 252.33333333333334 , 18 , 0
114, 28.571428571428573, 349.00568181818187 , 1.0939640255444538 , 252.71428571428572 , 35 , 0
115, 28.761904761904763, 349.00568181818187 , 1.0786097665837497 , 254.04761904761904 , 27 , 0
116, 29.047619047619047, 349.00568181818187 , 1.084707454328293 , 254.04761904761904 , 2 , 0
117, 29.047619047619047, 349.00568181818187 , 1.0978849958817791 , 253.76190476190476 , 15 , 0
118, 28.857142857142858, 349.00568181818187 , 1.0993191685234174 , 251.1904761904762 , 24 , 0
119, 28.666666666666668, 349.00568181818187 , 1.111304417858592 , 251.1904761904762 , 15 , 0
120, 28.857142857142858, 349.00568181818187 , 1.100760041914453 , 253.04761904761904 , 10 , 0
121, 28.666666666666668, 349.00568181818187 , 1.1095137843123366 , 254.14285714285714 , 46 , 0
122, 28.38095238095238, 349.00568181818187 , 1.1058049295960597 , 254.47619047619048 , 12 , 0
123, 28.857142857142858, 349.00568181818187 , 1.1053892488400248 , 256.4761904761905 , 25 , 0
124, 28.571428571428573, 349.00568181818187 , 1.0944505731062073 , 256.4761904761905 , 26 , 0
125, 28.952380952380953, 349.00568181818187 , 1.0894393669876343 , 259.7142857142857 , 31 , 0
126, 28.761904761904763, 349.00568181818187 , 1.0905779249075553 , 259.7142857142857 , 4 , 0
127, 28.952380952380953, 349.00568181818187 , 1.085437786866878 , 261.14285714285717 , 28 , 0
128, 29.238095238095237, 349.00568181818187 , 1.076573482051575 , 264.57142857142856 , 16 , 0
129, 29.428571428571427, 349.00568181818187 , 1.0847964107791486 , 263.6190476190476 , 12 , 0
130, 29.61904761904762, 349.00568181818187 , 1.0870906068627473 , 264.8095238095238 , 27 , 0
131, 30.0, 349.00568181818187 , 1.1027632371009348 , 264.42857142857144 , 17 , 0
132, 30.38095238095238, 349.00568181818187 , 1.1091134002470864 , 264.95238095238096 , 19 , 0
133, 30.095238095238095, 349.00568181818187 , 1.1268596383930003 , 263.1904761904762 , 14 , 0
134, 30.666666666666668, 349.00568181818187 , 1.1221189942856664 , 263.1904761904762 , 16 , 0
135, 30.80952380952381, 349.00568181818187 , 1.1218256731588585 , 265.8095238095238 , 24 , 0
136, 31.0, 349.00568181818187 , 1.1223681044412883 , 266.0952380952381 , 19 , 0
137, 30.714285714285715, 349.00568181818187 , 1.1024095374597498 , 266.0952380952381 , 28 , 0
138, 30.523809523809526, 349.00568181818187 , 1.1177400623720617 , 265.9047619047619 , 19 , 0
139, 30.238095238095237, 349.00568181818187 , 1.1046198999212962 , 265.9047619047619 , 25 , 0
140, 30.666666666666668, 349.00568181818187 , 1.1095524472198017 , 265.9047619047619 , 15 , 0
141, 30.857142857142858, 349.00568181818187 , 1.1044722079892166 , 267.4761904761905 , 25 , 0
142, 30.476190476190474, 349.00568181818187 , 1.1050718962792179 , 271.6666666666667 , 46 , 0
143, 30.857142857142858, 349.00568181818187 , 1.0917071815650183 , 271.6666666666667 , 25 , 0
144, 30.857142857142858, 349.00568181818187 , 1.095506549511177 , 271.6666666666667 , 16 , 0
145, 30.761904761904763, 349.00568181818187 , 1.0945028774404324 , 274.5238095238095 , 13 , 0
146, 31.333333333333332, 349.00568181818187 , 1.096567294612213 , 275.0952380952381 , 7 , 0
147, 31.61904761904762, 349.00568181818187 , 1.09166688016725 , 276.3809523809524 , 15 , 0
148, 31.61904761904762, 349.00568181818187 , 1.0948991110688335 , 276.95238095238096 , 8 , 0
149, 31.952380952380953, 349.00568181818187 , 1.100224953212758 , 278.0952380952381 , 19 , 0
150, 32.23809523809524, 349.00568181818187 , 1.1114394573053188 , 284.0 , 37 , 0
151, 32.142857142857146, 349.00568181818187 , 1.1162950732647214 , 283.42857142857144 , 17 , 0
152, 32.333333333333336, 349.00568181818187 , 1.119055683431633 , 283.42857142857144 , 6 , 0
153, 32.333333333333336, 349.00568181818187 , 1.1203107353926616 , 283.42857142857144 , 12 , 0
154, 32.04761904761905, 349.00568181818187 , 1.1350355078754766 , 279.76190476190476 , 14 , 0
155, 31.952380952380953, 349.00568181818187 , 1.1276287534293128 , 280.3809523809524 , 30 , 0
156, 31.952380952380953, 349.00568181818187 , 1.1337807281991243 , 280.76190476190476 , 27 , 0
157, 31.761904761904763, 349.00568181818187 , 1.1258278687702008 , 280.76190476190476 , 26 , 0
158, 31.571428571428573, 349.00568181818187 , 1.1304297727369337 , 280.76190476190476 , 7 , 0
159, 31.142857142857142, 349.00568181818187 , 1.1408159532743178 , 279.4761904761905 , 34 , 0
160, 31.61904761904762, 349.00568181818187 , 1.1642000446499654 , 276.6666666666667 , 28 , 0
161, 32.333333333333336, 349.00568181818187 , 1.134902060096358 , 277.3333333333333 , 44 , 0
162, 32.523809523809526, 349.00568181818187 , 1.1150783529473227 , 278.0 , 25 , 0
163, 32.523809523809526, 349.00568181818187 , 1.124167459624386 , 278.0 , 22 , 0
164, 32.333333333333336, 349.00568181818187 , 1.1362984039653408 , 278.0 , 15 , 0
165, 32.523809523809526, 349.00568181818187 , 1.1335091686643735 , 281.3809523809524 , 18 , 0
166, 32.476190476190474, 349.00568181818187 , 1.1257161123330366 , 282.4761904761905 , 34 , 0
167, 32.80952380952381, 349.00568181818187 , 1.1228611030688467 , 282.4761904761905 , 14 , 0
168, 33.19047619047619, 349.00568181818187 , 1.117228597631889 , 282.4761904761905 , 17 , 0
169, 33.76190476190476, 349.00568181818187 , 1.0842666220281898 , 282.4761904761905 , 47 , 0
170, 33.523809523809526, 349.00568181818187 , 1.0798568074528772 , 282.4761904761905 , 13 , 0
171, 34.0, 349.00568181818187 , 1.0631921562210946 , 285.3333333333333 , 24 , 0
172, 33.23809523809524, 349.00568181818187 , 1.0789125616840634 , 289.42857142857144 , 35 , 0
173, 33.142857142857146, 349.00568181818187 , 1.0943072154197149 , 289.42857142857144 , 25 , 0
174, 33.42857142857143, 349.00568181818187 , 1.0879984704637657 , 289.42857142857144 , 10 , 0
175, 33.333333333333336, 349.00568181818187 , 1.0951096823375384 , 290.0 , 25 , 0
176, 33.142857142857146, 349.00568181818187 , 1.0910464426950521 , 290.0 , 20 , 0
177, 33.42857142857143, 349.00568181818187 , 1.1071292724025374 , 287.14285714285717 , 13 , 0
178, 33.76190476190476, 349.00568181818187 , 1.1035857964105016 , 287.14285714285717 , 22 , 0
179, 33.76190476190476, 349.00568181818187 , 1.101110699192364 , 287.7142857142857 , 23 , 0
180, 33.714285714285715, 349.00568181818187 , 1.0995528023888141 , 287.85714285714283 , 32 , 0
181, 34.0, 349.00568181818187 , 1.0847119574161812 , 291.14285714285717 , 33 , 0
182, 34.19047619047619, 349.00568181818187 , 1.098272516383292 , 295.6666666666667 , 35 , 0
183, 34.0, 349.00568181818187 , 1.0769041549540883 , 296.04761904761904 , 33 , 0
184, 34.04761904761905, 349.00568181818187 , 1.1057439138437493 , 296.9047619047619 , 26 , 0
185, 34.142857142857146, 349.00568181818187 , 1.1063822587545318 , 296.9047619047619 , 11 , 0
186, 33.904761904761905, 349.00568181818187 , 1.1070014137175017 , 296.9047619047619 , 17 , 0
187, 33.857142857142854, 349.00568181818187 , 1.130009781339941 , 296.9047619047619 , 29 , 0
188, 34.19047619047619, 349.00568181818187 , 1.137346897226157 , 298.04761904761904 , 22 , 0
189, 34.285714285714285, 349.00568181818187 , 1.1341590530907248 , 298.5238095238095 , 19 , 0
190, 34.285714285714285, 349.00568181818187 , 1.0747409950543163 , 305.3333333333333 , 28 , 0
191, 34.714285714285715, 349.00568181818187 , 1.0879211849417951 , 305.3333333333333 , 15 , 0
192, 35.23809523809524, 349.00568181818187 , 1.0935698477564917 , 305.3333333333333 , 44 , 0
193, 35.142857142857146, 349.00568181818187 , 1.1081079384765224 , 305.3333333333333 , 9 , 0
194, 34.857142857142854, 349.00568181818187 , 1.1142405327586988 , 305.3333333333333 , 5 , 0
195, 34.95238095238095, 349.00568181818187 , 1.1382749121567128 , 306.0952380952381 , 19 , 0
196, 35.19047619047619, 349.00568181818187 , 1.155373768340387 , 306.0952380952381 , 25 , 0
197, 35.57142857142857, 349.00568181818187 , 1.1868186000064531 , 306.0952380952381 , 5 , 0
198, 35.38095238095238, 349.00568181818187 , 1.1211700617638725 , 306.95238095238096 , 34 , 0
199, 35.57142857142857, 349.00568181818187 , 1.1051853195416537 , 307.14285714285717 , 21 , 0
200, 35.095238095238095, 349.00568181818187 , 1.095684631665701 , 307.14285714285717 , 25 , 0
201, 35.19047619047619, 349.00568181818187 , 1.0852725115664297 , 307.14285714285717 , 18 , 0
202, 35.857142857142854, 349.00568181818187 , 1.1147935890347436 , 307.14285714285717 , 36 , 0
203, 35.476190476190474, 349.00568181818187 , 1.1424845673069266 , 307.14285714285717 , 59 , 0
204, 35.57142857142857, 349.00568181818187 , 1.1063072184199778 , 309.1904761904762 , 43 , 0
205, 35.285714285714285, 349.00568181818187 , 1.0888089219651083 , 310.0952380952381 , 12 , 0
206, 35.095238095238095, 349.00568181818187 , 1.0888906637316298 , 310.95238095238096 , 17 , 0
207, 35.04761904761905, 349.00568181818187 , 1.0801187533817775 , 316.7142857142857 , 44 , 0
208, 34.76190476190476, 349.00568181818187 , 1.080230430763657 , 316.7142857142857 , 8 , 0
209, 34.57142857142857, 349.00568181818187 , 1.1025955031486168 , 315.8095238095238 , 27 , 0
210, 34.666666666666664, 349.00568181818187 , 1.0920041833646734 , 315.8095238095238 , 22 , 0
211, 34.76190476190476, 349.00568181818187 , 1.1102787155785863 , 323.57142857142856 , 18 , 0
212, 35.23809523809524, 349.00568181818187 , 1.0866445873958634 , 323.2857142857143 , 30 , 0
213, 35.333333333333336, 349.00568181818187 , 1.101452597710746 , 323.2857142857143 , 22 , 0
214, 34.95238095238095, 349.00568181818187 , 1.0918222725341467 , 323.2857142857143 , 22 , 0
215, 34.857142857142854, 349.00568181818187 , 1.091706645413969 , 323.2857142857143 , 16 , 0
216, 34.95238095238095, 349.00568181818187 , 1.0879328642556216 , 324.8095238095238 , 24 , 0
217, 34.904761904761905, 349.00568181818187 , 1.0882440235508954 , 324.8095238095238 , 22 , 0
218, 34.904761904761905, 349.00568181818187 , 1.128582503945891 , 324.8095238095238 , 26 , 0
219, 35.19047619047619, 349.00568181818187 , 1.1517874556688752 , 324.8095238095238 , 26 , 0
220, 35.42857142857143, 349.00568181818187 , 1.1547478834796896 , 324.8095238095238 , 22 , 0
221, 35.333333333333336, 349.00568181818187 , 1.165207227460654 , 324.8095238095238 , 28 , 0
222, 35.23809523809524, 349.00568181818187 , 1.1111976729304105 , 325.1904761904762 , 39 , 0
223, 34.666666666666664, 349.00568181818187 , 1.143894502668672 , 325.1904761904762 , 22 , 0
224, 34.476190476190474, 349.00568181818187 , 1.143944540152295 , 325.1904761904762 , 15 , 0
225, 34.904761904761905, 349.00568181818187 , 1.132577760343374 , 325.1904761904762 , 27 , 0
226, 35.57142857142857, 349.00568181818187 , 1.1333069146251045 , 326.23809523809524 , 18 , 0
227, 35.57142857142857, 349.00568181818187 , 1.120436516176564 , 323.6190476190476 , 34 , 0
228, 35.666666666666664, 349.00568181818187 , 1.1203667303790186 , 323.6190476190476 , 20 , 0
229, 35.857142857142854, 349.00568181818187 , 1.10934483703666 , 323.76190476190476 , 14 , 0
230, 36.04761904761905, 349.00568181818187 , 1.102021147460583 , 324.5238095238095 , 39 , 0
231, 35.95238095238095, 349.00568181818187 , 1.094395575359437 , 319.6666666666667 , 10 , 0
232, 36.04761904761905, 349.00568181818187 , 1.096780744535516 , 319.2857142857143 , 13 , 0
233, 36.04761904761905, 349.00568181818187 , 1.0965353378952005 , 319.2857142857143 , 10 , 0
234, 36.04761904761905, 349.00568181818187 , 1.0963528804922456 , 319.2857142857143 , 7 , 0
235, 36.523809523809526, 349.00568181818187 , 1.0988167663137578 , 324.76190476190476 , 17 , 0
236, 36.19047619047619, 349.00568181818187 , 1.0856708959630526 , 325.2857142857143 , 29 , 0
237, 36.142857142857146, 349.00568181818187 , 1.0837661637790796 , 326.1904761904762 , 22 , 0
238, 36.23809523809524, 349.00568181818187 , 1.0945426751879905 , 326.1904761904762 , 18 , 0
239, 35.95238095238095, 349.00568181818187 , 1.0825226662737906 , 327.23809523809524 , 23 , 0
240, 35.857142857142854, 349.00568181818187 , 1.0984543063576997 , 325.42857142857144 , 9 , 0
241, 35.76190476190476, 349.00568181818187 , 1.0988808917016943 , 325.42857142857144 , 19 , 0
242, 36.23809523809524, 349.00568181818187 , 1.1136151473357985 , 325.14285714285717 , 20 , 0
243, 36.42857142857143, 349.00568181818187 , 1.112942815334336 , 327.0952380952381 , 21 , 0
244, 36.42857142857143, 349.00568181818187 , 1.1201128868921355 , 327.0952380952381 , 7 , 0
245, 36.476190476190474, 349.00568181818187 , 1.118361112123241 , 327.0952380952381 , 8 , 0
246, 36.476190476190474, 349.00568181818187 , 1.1265001970405433 , 327.0952380952381 , 25 , 0
247, 36.61904761904762, 349.00568181818187 , 1.1143524173010804 , 327.0952380952381 , 27 , 0
248, 36.333333333333336, 349.00568181818187 , 1.1143835656780032 , 327.0952380952381 , 10 , 0
249, 35.95238095238095, 349.00568181818187 , 1.1150121665507624 , 327.0952380952381 , 11 , 0
250, 36.04761904761905, 349.00568181818187 , 1.1197528930677323 , 327.0952380952381 , 19 , 0
251, 35.904761904761905, 349.00568181818187 , 1.1451900934246926 , 327.0952380952381 , 13 , 0
252, 36.0, 349.00568181818187 , 1.1542398740335773 , 326.23809523809524 , 7 , 0
253, 36.04761904761905, 349.00568181818187 , 1.1548373523092244 , 326.9047619047619 , 14 , 0
254, 36.0, 349.00568181818187 , 1.1205952178657377 , 325.1904761904762 , 26 , 0
255, 36.285714285714285, 349.00568181818187 , 1.130750437414501 , 325.0 , 4 , 0
256, 36.666666666666664, 349.00568181818187 , 1.1244469161261033 , 325.2857142857143 , 30 , 0
257, 36.76190476190476, 349.00568181818187 , 1.121412487253799 , 325.3809523809524 , 21 , 0
258, 36.904761904761905, 349.00568181818187 , 1.1370390307656988 , 325.3809523809524 , 30 , 0
259, 37.0, 349.00568181818187 , 1.135702971693568 , 326.6666666666667 , 25 , 0
260, 37.095238095238095, 349.00568181818187 , 1.179489884200068 , 326.6666666666667 , 7 , 0
261, 37.0, 349.00568181818187 , 1.117998308200632 , 326.6666666666667 , 19 , 0
262, 36.80952380952381, 349.00568181818187 , 1.1109251905475601 , 326.95238095238096 , 23 , 0
263, 36.523809523809526, 349.00568181818187 , 1.1315084285177253 , 326.23809523809524 , 21 , 0
264, 36.80952380952381, 349.00568181818187 , 1.2033443969516848 , 326.23809523809524 , 18 , 0
265, 37.19047619047619, 349.00568181818187 , 1.2595280388490673 , 326.23809523809524 , 11 , 0
266, 37.0, 349.00568181818187 , 1.1910789361183993 , 326.0952380952381 , 30 , 0
267, 36.714285714285715, 349.00568181818187 , 1.1535962294502184 , 326.0952380952381 , 22 , 0
268, 37.0, 349.00568181818187 , 1.1102008125453007 , 326.0952380952381 , 41 , 0
269, 36.523809523809526, 349.00568181818187 , 1.178254802797991 , 326.0952380952381 , 36 , 0
270, 36.61904761904762, 349.00568181818187 , 1.1330942804948403 , 326.0952380952381 , 23 , 0
271, 36.142857142857146, 349.00568181818187 , 1.132912720555686 , 326.0952380952381 , 24 , 0
272, 36.333333333333336, 349.00568181818187 , 1.100949008428563 , 326.0952380952381 , 23 , 0
273, 36.04761904761905, 349.00568181818187 , 1.0812566770979675 , 327.0952380952381 , 38 , 0
274, 36.23809523809524, 349.00568181818187 , 1.0911062609563198 , 325.76190476190476 , 15 , 0
275, 36.61904761904762, 349.00568181818187 , 1.0899513260902214 , 325.0 , 33 , 0
276, 36.61904761904762, 349.00568181818187 , 1.1020592940123646 , 325.0 , 17 , 0
277, 36.61904761904762, 349.00568181818187 , 1.1021012046955956 , 329.76190476190476 , 17 , 0
278, 36.61904761904762, 349.00568181818187 , 1.10194784724845 , 329.76190476190476 , 19 , 0
279, 36.76190476190476, 349.00568181818187 , 1.081102408736808 , 329.76190476190476 , 25 , 0
280, 36.57142857142857, 349.00568181818187 , 1.0625921889521976 , 329.76190476190476 , 10 , 0
281, 36.714285714285715, 349.00568181818187 , 1.0505677224204988 , 329.76190476190476 , 34 , 0
282, 36.0, 349.00568181818187 , 1.0405189540373083 , 328.4761904761905 , 11 , 0
283, 36.19047619047619, 349.00568181818187 , 1.0457658885245527 , 328.4761904761905 , 30 , 0
284, 36.0, 349.00568181818187 , 1.0466503674856575 , 328.4761904761905 , 14 , 0
285, 36.57142857142857, 349.00568181818187 , 1.0396055922882723 , 328.1904761904762 , 46 , 0
286, 36.666666666666664, 349.00568181818187 , 1.0332114271032684 , 328.1904761904762 , 23 , 0
287, 37.333333333333336, 349.00568181818187 , 1.0218971850213137 , 328.1904761904762 , 27 , 0
288, 37.04761904761905, 349.00568181818187 , 1.0255290325427222 , 328.1904761904762 , 12 , 0
289, 37.142857142857146, 349.00568181818187 , 1.0252554567137036 , 328.1904761904762 , 15 , 0
290, 36.857142857142854, 349.00568181818187 , 1.0275842218763753 , 327.8095238095238 , 42 , 0
291, 36.95238095238095, 349.00568181818187 , 1.0274951730940036 , 327.8095238095238 , 10 , 0
292, 36.666666666666664, 349.00568181818187 , 1.044015499440805 , 327.9047619047619 , 36 , 0
293, 37.476190476190474, 349.00568181818187 , 1.0459968337025687 , 328.2857142857143 , 21 , 0
294, 37.666666666666664, 349.00568181818187 , 1.0287411989318525 , 328.2857142857143 , 32 , 0
295, 38.04761904761905, 349.00568181818187 , 1.0281711416478143 , 328.2857142857143 , 24 , 0
296, 37.80952380952381, 349.00568181818187 , 1.0295990666962496 , 328.2857142857143 , 23 , 0
297, 37.857142857142854, 349.00568181818187 , 1.0139406970711786 , 333.42857142857144 , 25 , 0
298, 37.95238095238095, 349.00568181818187 , 1.013604823671884 , 333.42857142857144 , 12 , 0
299, 37.80952380952381, 349.00568181818187 , 1.0154700832775643 , 333.42857142857144 , 18 , 0
300, 38.0, 349.00568181818187 , 1.0146263039686558 , 334.2857142857143 , 44 , 0
301, 38.095238095238095, 349.00568181818187 , 1.0390205372500638 , 330.7142857142857 , 32 , 0
302, 38.095238095238095, 349.00568181818187 , 1.0379936075746166 , 330.7142857142857 , 19 , 0
303, 38.476190476190474, 349.00568181818187 , 1.0311949773728712 , 334.4761904761905 , 37 , 0
304, 38.666666666666664, 349.00568181818187 , 1.0314876851470072 , 334.4761904761905 , 29 , 0
305, 39.142857142857146, 349.00568181818187 , 1.0239571759623658 , 334.76190476190476 , 35 , 0
306, 40.0, 349.00568181818187 , 1.0275967368748038 , 337.42857142857144 , 30 , 0
307, 39.904761904761905, 349.00568181818187 , 1.0254758476072956 , 337.42857142857144 , 24 , 0
308, 40.19047619047619, 349.00568181818187 , 1.0228224716529613 , 338.0952380952381 , 33 , 0
309, 40.19047619047619, 349.00568181818187 , 1.0240103501981346 , 338.0952380952381 , 17 , 0
310, 40.285714285714285, 349.00568181818187 , 1.020741279570378 , 338.0952380952381 , 22 , 0
311, 40.666666666666664, 349.00568181818187 , 1.0195572914942614 , 338.0952380952381 , 15 , 0
312, 40.095238095238095, 349.00568181818187 , 1.006562590511959 , 338.0952380952381 , 30 , 0
313, 39.666666666666664, 349.00568181818187 , 0.9999609829657926 , 338.0952380952381 , 30 , 0
314, 39.04761904761905, 349.00568181818187 , 0.9988437325911345 , 338.0952380952381 , 6 , 0
315, 38.857142857142854, 349.00568181818187 , 0.9980369727349515 , 338.0952380952381 , 30 , 0
316, 39.333333333333336, 349.00568181818187 , 0.9882804893958334 , 338.2857142857143 , 22 , 0
317, 39.42857142857143, 349.00568181818187 , 0.9746476609159886 , 339.3809523809524 , 23 , 0
318, 40.095238095238095, 349.00568181818187 , 0.9868898684880605 , 338.5238095238095 , 6 , 0
319, 39.80952380952381, 349.00568181818187 , 0.987677119418113 , 338.5238095238095 , 14 , 0
320, 39.904761904761905, 349.00568181818187 , 0.9996862219891072 , 338.5238095238095 , 24 , 0
321, 39.80952380952381, 349.00568181818187 , 1.0089028791222172 , 338.5238095238095 , 8 , 8
322, 40.0, 349.00568181818187 , 1.014838155868574 , 338.5238095238095 , 9 , 0
323, 40.904761904761905, 349.00568181818187 , 1.0253237356119678 , 338.5238095238095 , 6 , 0
324, 40.904761904761905, 349.00568181818187 , 1.0262468978846788 , 338.5238095238095 , 24 , 7
325, 40.61904761904762, 349.00568181818187 , 1.0167352185173302 , 338.5238095238095 , 43 , 0
326, 40.714285714285715, 349.00568181818187 , 1.0167902799594917 , 338.5238095238095 , 15 , 0
327, 39.95238095238095, 349.00568181818187 , 1.0266212863406432 , 338.5238095238095 , 23 , 0
328, 39.61904761904762, 349.00568181818187 , 1.015480165607205 , 338.5238095238095 , 23 , 0
329, 39.285714285714285, 349.00568181818187 , 1.0167754500798762 , 338.5238095238095 , 23 , 0
330, 39.76190476190476, 349.00568181818187 , 1.018129506045182 , 338.6666666666667 , 19 , 0
331, 39.95238095238095, 349.00568181818187 , 1.0469352823849623 , 338.6666666666667 , 16 , 0
332, 40.23809523809524, 349.00568181818187 , 1.0488500224762956 , 338.6666666666667 , 27 , 8
333, 39.95238095238095, 349.00568181818187 , 1.0444497955318883 , 338.6666666666667 , 26 , 8
334, 40.142857142857146, 349.00568181818187 , 1.04444361539193 , 338.6666666666667 , 13 , 0
335, 40.04761904761905, 349.00568181818187 , 1.0449670844745036 , 338.6666666666667 , 0 , 0
336, 40.476190476190474, 349.00568181818187 , 1.040061629043009 , 338.6666666666667 , 24 , 0
337, 40.0, 349.00568181818187 , 1.0364387435572664 , 338.9047619047619 , 35 , 0
338, 40.0, 349.00568181818187 , 1.0469201971033095 , 338.9047619047619 , 15 , 0
339, 40.0, 349.00568181818187 , 1.0388825209281782 , 338.9047619047619 , 23 , 0
340, 39.80952380952381, 349.00568181818187 , 1.0352173225556487 , 338.9047619047619 , 10 , 8
341, 40.04761904761905, 349.00568181818187 , 1.0382668457767354 , 338.9047619047619 , 6 , 0
342, 40.142857142857146, 349.00568181818187 , 1.046785016796627 , 338.6666666666667 , 15 , 0
343, 39.38095238095238, 349.00568181818187 , 1.0370681576034368 , 338.6666666666667 , 41 , 0
344, 39.476190476190474, 349.00568181818187 , 1.0489976593263952 , 338.6666666666667 , 10 , 0
345, 39.285714285714285, 349.00568181818187 , 1.0588551162305333 , 338.6666666666667 , 31 , 0
346, 39.0, 349.00568181818187 , 1.049711957291614 , 338.8095238095238 , 33 , 0
347, 39.19047619047619, 349.00568181818187 , 1.057999207473576 , 338.8095238095238 , 3 , 0
348, 39.76190476190476, 349.00568181818187 , 1.0687336948134254 , 338.8095238095238 , 8 , 0
349, 39.57142857142857, 349.00568181818187 , 1.078515022025846 , 336.04761904761904 , 22 , 0
350, 40.333333333333336, 349.00568181818187 , 1.044876705910467 , 339.2857142857143 , 25 , 8
351, 40.42857142857143, 349.00568181818187 , 1.0452696024650976 , 339.2857142857143 , 11 , 0
352, 40.61904761904762, 349.00568181818187 , 1.0393792919747844 , 340.0 , 15 , 0
353, 40.476190476190474, 349.00568181818187 , 1.032502492866632 , 340.57142857142856 , 38 , 0
354, 40.57142857142857, 349.00568181818187 , 1.036796484166859 , 340.57142857142856 , 16 , 0
355, 40.57142857142857, 349.00568181818187 , 1.0421049878526591 , 340.57142857142856 , 19 , 0
356, 40.333333333333336, 349.00568181818187 , 1.0417218043463117 , 340.7142857142857 , 28 , 0
357, 39.95238095238095, 349.00568181818187 , 1.0491037733712436 , 340.7142857142857 , 12 , 0
358, 39.666666666666664, 349.00568181818187 , 1.047880228774265 , 341.3809523809524 , 23 , 0
359, 39.666666666666664, 349.00568181818187 , 1.0471218788101422 , 341.3809523809524 , 7 , 0
360, 40.04761904761905, 349.00568181818187 , 1.0486639764724806 , 341.23809523809524 , 8 , 0
361, 40.142857142857146, 349.00568181818187 , 1.0497721364897263 , 341.23809523809524 , 23 , 0
362, 39.95238095238095, 349.00568181818187 , 1.0491374616473574 , 341.23809523809524 , 34 , 0
363, 39.95238095238095, 349.00568181818187 , 1.0464687464209825 , 341.23809523809524 , 17 , 0
364, 39.95238095238095, 349.00568181818187 , 1.0465818641584523 , 341.23809523809524 , 7 , 0
365, 39.76190476190476, 349.00568181818187 , 1.0521893399747313 , 341.23809523809524 , 10 , 0
366, 39.38095238095238, 349.00568181818187 , 1.0524470081940787 , 341.23809523809524 , 0 , 0
367, 39.23809523809524, 349.00568181818187 , 1.05649346759717 , 341.23809523809524 , 4 , 0
368, 39.04761904761905, 349.00568181818187 , 1.056377632578432 , 341.23809523809524 , 4 , 0
369, 39.04761904761905, 349.00568181818187 , 1.0620197236813278 , 341.23809523809524 , 15 , 0
370, 38.285714285714285, 349.00568181818187 , 1.0553969504877028 , 341.23809523809524 , 26 , 0
371, 37.80952380952381, 349.00568181818187 , 1.0864141213592184 , 341.23809523809524 , 6 , 0
372, 37.333333333333336, 349.00568181818187 , 1.074121754163443 , 341.23809523809524 , 51 , 0
373, 36.857142857142854, 349.00568181818187 , 1.0516473451510722 , 341.5238095238095 , 33 , 0
374, 37.333333333333336, 349.00568181818187 , 1.042051526582454 , 341.5238095238095 , 18 , 0
375, 36.857142857142854, 349.00568181818187 , 1.0411214342199417 , 341.5238095238095 , 24 , 0
376, 36.95238095238095, 349.00568181818187 , 1.0417692568819092 , 341.5238095238095 , 38 , 0
377, 37.0, 349.00568181818187 , 1.0459122339383973 , 342.04761904761904 , 22 , 0
378, 37.38095238095238, 349.00568181818187 , 1.040588321166148 , 342.04761904761904 , 22 , 0
379, 37.80952380952381, 349.00568181818187 , 1.0413109608929858 , 344.5238095238095 , 34 , 0
380, 38.0, 349.00568181818187 , 1.0407253962667924 , 344.5238095238095 , 31 , 0
381, 38.095238095238095, 349.00568181818187 , 1.0428225554038693 , 344.5238095238095 , 32 , 0
382, 38.476190476190474, 349.00568181818187 , 1.0364992474163426 , 344.76190476190476 , 33 , 0
383, 38.285714285714285, 349.00568181818187 , 1.0335168192947397 , 344.76190476190476 , 27 , 0
384, 38.57142857142857, 349.00568181818187 , 1.0355347685523215 , 345.23809523809524 , 34 , 0
385, 38.666666666666664, 349.00568181818187 , 1.0392604256020181 , 345.23809523809524 , 30 , 0
386, 38.666666666666664, 349.00568181818187 , 1.0387268192605221 , 345.23809523809524 , 17 , 0
387, 38.76190476190476, 349.00568181818187 , 1.0381114456223195 , 345.23809523809524 , 28 , 0
388, 39.142857142857146, 349.00568181818187 , 1.0292689103262407 , 345.23809523809524 , 29 , 0
389, 39.142857142857146, 349.00568181818187 , 1.0324450001489656 , 344.76190476190476 , 17 , 0
390, 39.714285714285715, 349.00568181818187 , 1.029054037496331 , 344.76190476190476 , 20 , 0
391, 39.523809523809526, 349.00568181818187 , 1.0292059847229773 , 344.76190476190476 , 53 , 0
392, 39.333333333333336, 349.00568181818187 , 1.0262366855760567 , 344.76190476190476 , 19 , 0
393, 39.04761904761905, 349.00568181818187 , 1.0276725023006448 , 343.6190476190476 , 0 , 0
394, 38.714285714285715, 349.00568181818187 , 1.0322541212781982 , 344.0 , 28 , 0
395, 38.523809523809526, 349.00568181818187 , 1.0306679536809547 , 344.0 , 23 , 0
396, 38.523809523809526, 349.00568181818187 , 1.0244368898415022 , 344.0 , 21 , 0
397, 38.476190476190474, 349.00568181818187 , 1.0285598464789896 , 344.0 , 37 , 0
398, 38.285714285714285, 349.00568181818187 , 1.0298293595959354 , 344.0 , 36 , 0
399, 38.61904761904762, 349.00568181818187 , 1.030136280194656 , 344.0 , 5 , 0
400, 38.80952380952381, 349.00568181818187 , 1.0323544967877742 , 344.0 , 17 , 7
401, 39.095238095238095, 349.00568181818187 , 1.0367910208625541 , 344.0 , 11 , 0
402, 39.333333333333336, 349.00568181818187 , 1.0422432844212839 , 344.0 , 39 , 0
403, 39.523809523809526, 349.00568181818187 , 1.0449611277924957 , 344.0 , 3 , 0
404, 39.904761904761905, 349.00568181818187 , 1.0462542111341686 , 345.04761904761904 , 40 , 0
405, 39.714285714285715, 349.00568181818187 , 1.0461682872665177 , 344.7142857142857 , 21 , 8
406, 39.38095238095238, 349.00568181818187 , 1.0430283144726837 , 346.2857142857143 , 39 , 0
407, 39.285714285714285, 349.00568181818187 , 1.0432876200049859 , 346.2857142857143 , 24 , 0
408, 39.285714285714285, 349.00568181818187 , 1.03990037515731 , 346.2857142857143 , 23 , 0
409, 38.80952380952381, 349.00568181818187 , 1.039336027651329 , 346.2857142857143 , 27 , 0
410, 39.19047619047619, 349.00568181818187 , 1.04915453936287 , 346.2857142857143 , 13 , 0
411, 39.666666666666664, 349.00568181818187 , 1.059880556189648 , 346.2857142857143 , 24 , 0
412, 39.76190476190476, 349.00568181818187 , 1.0573588135304495 , 346.4761904761905 , 41 , 0
413, 40.04761904761905, 349.00568181818187 , 1.0563802092499204 , 346.4761904761905 , 10 , 0
414, 39.57142857142857, 349.00568181818187 , 1.0611132868379358 , 346.4761904761905 , 8 , 0
415, 39.38095238095238, 349.00568181818187 , 1.0610878669485482 , 346.4761904761905 , 11 , 0
416, 39.95238095238095, 349.00568181818187 , 1.0615519537528866 , 346.4761904761905 , 9 , 0
417, 40.42857142857143, 349.00568181818187 , 1.069749954347738 , 346.4761904761905 , 2 , 0
418, 40.333333333333336, 349.00568181818187 , 1.0682933393881546 , 346.4761904761905 , 16 , 0
419, 40.714285714285715, 349.00568181818187 , 1.0836279921903293 , 346.4761904761905 , 13 , 0
420, 41.142857142857146, 349.00568181818187 , 1.0664388800567575 , 346.4761904761905 , 32 , 0
421, 40.476190476190474, 349.00568181818187 , 1.070054690639278 , 346.4761904761905 , 23 , 0
422, 40.42857142857143, 349.00568181818187 , 1.0785005193561616 , 344.42857142857144 , 8 , 0
423, 39.76190476190476, 349.00568181818187 , 1.082657166293747 , 344.42857142857144 , 27 , 0
424, 40.523809523809526, 349.00568181818187 , 1.0825783251268786 , 344.42857142857144 , 18 , 0
425, 41.0, 349.00568181818187 , 1.0949917024099913 , 344.42857142857144 , 23 , 0
426, 40.80952380952381, 349.00568181818187 , 1.1261203928323766 , 343.6190476190476 , 15 , 0
427, 41.333333333333336, 349.00568181818187 , 1.1047673632278456 , 344.3809523809524 , 44 , 0
428, 41.333333333333336, 349.00568181818187 , 1.142457073442092 , 344.3809523809524 , 23 , 0
429, 41.04761904761905, 349.00568181818187 , 1.2645735353574385 , 344.3809523809524 , 1 , 0
430, 41.04761904761905, 349.00568181818187 , 1.1510569612843604 , 344.3809523809524 , 13 , 0
431, 40.19047619047619, 349.00568181818187 , 1.1352253466713724 , 344.3809523809524 , 18 , 0
432, 39.857142857142854, 349.00568181818187 , 1.1138364087659167 , 344.3809523809524 , 26 , 0
433, 39.857142857142854, 349.00568181818187 , 1.1138024494434766 , 344.3809523809524 , 31 , 0
434, 40.095238095238095, 349.00568181818187 , 1.1465812855258124 , 344.3809523809524 , 16 , 0
435, 40.285714285714285, 349.00568181818187 , 1.2008383509297735 , 344.3809523809524 , 32 , 0
436, 39.95238095238095, 349.00568181818187 , 1.2333690206304164 , 344.3809523809524 , 37 , 0
437, 39.95238095238095, 349.00568181818187 , 1.1881252486426286 , 344.3809523809524 , 19 , 0
438, 39.95238095238095, 349.00568181818187 , 1.1878322923497537 , 344.3809523809524 , 40 , 0
439, 39.19047619047619, 349.00568181818187 , 1.2639767056057225 , 344.3809523809524 , 20 , 0
440, 38.904761904761905, 349.00568181818187 , 1.247273085327917 , 344.3809523809524 , 16 , 0
441, 38.714285714285715, 349.00568181818187 , 1.3336171230733673 , 344.3809523809524 , 30 , 0
442, 38.666666666666664, 349.00568181818187 , 0.30725645927709383 , 344.3809523809524 , 26 , 0
443, 38.38095238095238, 349.00568181818187 , 0.30734897384949944 , 344.3809523809524 , 10 , 0
444, 38.285714285714285, 349.00568181818187 , 0.3054441728516828 , 344.3809523809524 , 13 , 0
445, 38.38095238095238, 349.00568181818187 , 0.8005773169309898 , 344.3809523809524 , 14 , 0
446, 39.23809523809524, 349.00568181818187 , 0.08825511419426936 , 344.3809523809524 , 36 , 0
447, 39.666666666666664, 349.00568181818187 , 0.432640528116072 , 344.3809523809524 , 29 , 0
448, 39.333333333333336, 349.00568181818187 , 0.4340323950144322 , 344.3809523809524 , 25 , 0
449, 39.38095238095238, 349.00568181818187 , 0.4340128492867621 , 344.3809523809524 , 5 , 0
450, 39.38095238095238, 349.00568181818187 , 0.43435973551895657 , 344.3809523809524 , 12 , 0
451, 39.476190476190474, 349.00568181818187 , 4.089854702682364 , 344.3809523809524 , 36 , 0
452, 39.285714285714285, 349.00568181818187 , -0.47834783140873793 , 344.3809523809524 , 19 , 0
453, 39.285714285714285, 349.00568181818187 , 0.43741041237852196 , 344.3809523809524 , 21 , 0
454, 39.57142857142857, 349.00568181818187 , 0.4372647118970155 , 344.3809523809524 , 10 , 0
455, 39.38095238095238, 349.00568181818187 , 0.6266993347051719 , 344.3809523809524 , 49 , 0
456, 39.476190476190474, 349.00568181818187 , 0.6270174490070951 , 344.3809523809524 , 19 , 0
457, 39.38095238095238, 349.00568181818187 , -0.661608117097962 , 344.3809523809524 , 14 , 0
458, 39.76190476190476, 349.00568181818187 , 1.7365088913310718 , 344.3809523809524 , 9 , 0
459, 39.76190476190476, 349.00568181818187 , 1.179711783504579 , 344.3809523809524 , 31 , 0
460, 39.095238095238095, 349.00568181818187 , 1.479201073013441 , 344.3809523809524 , 7 , 0
461, 39.19047619047619, 349.00568181818187 , 1.5408965315164136 , 344.3809523809524 , 4 , 0
462, 39.142857142857146, 349.00568181818187 , 1.7374742855466279 , 344.3809523809524 , 25 , 0
463, 38.857142857142854, 349.00568181818187 , 1.7375061489387555 , 344.3809523809524 , 7 , 0
464, 38.76190476190476, 349.00568181818187 , 1.7375687424589867 , 344.3809523809524 , 12 , 0
465, 39.04761904761905, 349.00568181818187 , 1.172970524606892 , 344.3809523809524 , 23 , 0
466, 39.04761904761905, 349.00568181818187 , 1.2384206949831023 , 344.3809523809524 , 5 , 0
467, 39.04761904761905, 349.00568181818187 , 1.1921077671118765 , 344.3809523809524 , 29 , 0
468, 38.666666666666664, 349.00568181818187 , 1.1919451578834672 , 344.3809523809524 , 21 , 0
469, 38.666666666666664, 349.00568181818187 , 1.149872570845278 , 344.3809523809524 , 19 , 0
470, 38.57142857142857, 349.00568181818187 , 1.1507471141706362 , 344.3809523809524 , 27 , 0
471, 38.04761904761905, 349.00568181818187 , 1.2149429052366767 , 338.0952380952381 , 25 , 0
472, 37.666666666666664, 349.00568181818187 , 1.2843252689559006 , 338.0952380952381 , 30 , 0
473, 37.476190476190474, 349.00568181818187 , 1.4954794492447703 , 338.0952380952381 , 16 , 0
474, 37.23809523809524, 349.00568181818187 , 1.3447681075389573 , 338.0952380952381 , 44 , 0
475, 37.523809523809526, 349.00568181818187 , -0.6626626277688792 , 338.0952380952381 , 8 , 0
476, 37.61904761904762, 349.00568181818187 , 2.192070167309897 , 338.0952380952381 , 42 , 0
477, 37.714285714285715, 349.00568181818187 , 4.478901190365843 , 338.0952380952381 , 6 , 0
478, 37.476190476190474, 349.00568181818187 , 4.47924146166008 , 338.0952380952381 , 7 , 0
479, 37.476190476190474, 349.00568181818187 , 1.2712067743148847 , 338.0952380952381 , 29 , 0
480, 37.333333333333336, 349.00568181818187 , 1.4755118357919552 , 338.0952380952381 , 7 , 0
481, 37.333333333333336, 349.00568181818187 , 1.8027282696453477 , 338.0952380952381 , 15 , 0
482, 37.61904761904762, 349.00568181818187 , 0.7262630914598439 , 338.0952380952381 , 17 , 0
483, 38.0, 349.00568181818187 , 0.8961346081733378 , 338.0952380952381 , 16 , 0
484, 38.142857142857146, 349.00568181818187 , 0.8964415033809425 , 338.0952380952381 , 0 , 0
485, 37.57142857142857, 349.00568181818187 , 0.8966762565114186 , 338.0952380952381 , 8 , 0
486, 37.57142857142857, 349.00568181818187 , 0.8366357427430657 , 338.0952380952381 , 17 , 0
487, 37.0, 349.00568181818187 , 0.8056335956939128 , 338.0952380952381 , 17 , 0
488, 36.904761904761905, 349.00568181818187 , 0.8781303002201982 , 337.5238095238095 , 16 , 0
489, 37.57142857142857, 349.00568181818187 , -0.4770795629156591 , 337.5238095238095 , 24 , 0
490, 37.38095238095238, 349.00568181818187 , -0.4768872855332379 , 337.5238095238095 , 8 , 0
491, 37.285714285714285, 349.00568181818187 , 2.0597856726722874 , 337.5238095238095 , 13 , 0
492, 37.61904761904762, 349.00568181818187 , 1.6502124757583743 , 337.5238095238095 , 20 , 0
493, 37.80952380952381, 349.00568181818187 , 1.2910238381344652 , 337.85714285714283 , 34 , 0
494, 37.714285714285715, 349.00568181818187 , 1.8012150093075405 , 337.85714285714283 , 16 , 0
495, 37.61904761904762, 349.00568181818187 , 0.28004744062834636 , 337.85714285714283 , 38 , 0
496, 37.80952380952381, 349.00568181818187 , 1.351532704737573 , 338.76190476190476 , 58 , 0
497, 36.95238095238095, 349.00568181818187 , 3.9998386739260003 , 338.3333333333333 , 13 , 0
498, 36.857142857142854, 349.00568181818187 , 4.000768084755852 , 337.0 , 10 , 0
499, 36.95238095238095, 349.00568181818187 , 1.6366489037782084 , 337.0 , 28 , 0
500, 36.76190476190476, 349.00568181818187 , 1.6366103728456731 , 337.3809523809524 , 28 , 0
501, 36.476190476190474, 349.00568181818187 , 1.2171951040465356 , 337.3809523809524 , 34 , 0
502, 36.0, 349.00568181818187 , 0.3134273343735683 , 337.04761904761904 , 11 , 0
503, 36.476190476190474, 349.00568181818187 , 0.7302529297067853 , 337.04761904761904 , 2 , 0
504, 35.904761904761905, 349.00568181818187 , 0.8789063912276761 , 337.04761904761904 , 35 , 0
505, 35.714285714285715, 349.00568181818187 , 0.7616957607748612 , 335.8095238095238 , 31 , 0
506, 35.904761904761905, 349.00568181818187 , 0.7268028527009494 , 335.8095238095238 , 11 , 0
507, 36.0, 349.00568181818187 , 0.7224384844491615 , 335.8095238095238 , 29 , 0
508, 36.095238095238095, 349.00568181818187 , 0.722036043938229 , 336.0952380952381 , 6 , 0
509, 36.095238095238095, 349.00568181818187 , 0.4580825135823143 , 336.0952380952381 , 37 , 0
510, 35.904761904761905, 349.00568181818187 , 0.5557833857642144 , 336.0952380952381 , 29 , 0
511, 36.0, 349.00568181818187 , -0.43194053114435155 , 336.0952380952381 , 27 , 0
512, 36.19047619047619, 349.00568181818187 , 0.7986391729911106 , 336.0952380952381 , 29 , 0
513, 35.80952380952381, 349.00568181818187 , 0.8320222195793799 , 336.0952380952381 , 28 , 0
514, 35.714285714285715, 349.00568181818187 , 0.3035802678701773 , 336.0952380952381 , 37 , 0
515, 35.04761904761905, 349.00568181818187 , 2.5152684612773504 , 337.57142857142856 , 29 , 0
516, 35.04761904761905, 349.00568181818187 , -Infinity , 337.57142857142856 , 12 , 0
517, 35.333333333333336, 349.00568181818187 , -Infinity , 338.6666666666667 , 9 , 0
518, 35.23809523809524, 349.00568181818187 , -Infinity , 338.6666666666667 , 4 , 0
519, 35.333333333333336, 349.00568181818187 , 1.458738443034504 , 339.0 , 42 , 0
520, 34.857142857142854, 349.00568181818187 , 1.1883826154642199 , 339.0 , 32 , 0
521, 34.857142857142854, 349.00568181818187 , 1.1682866547134823 , 339.0 , 24 , 0
522, 35.142857142857146, 349.00568181818187 , 1.2468738559483807 , 338.1904761904762 , 23 , 0
523, 35.04761904761905, 349.00568181818187 , 1.1980416653325383 , 338.1904761904762 , 30 , 0
524, 34.857142857142854, 349.00568181818187 , 1.207319198105568 , 337.95238095238096 , 18 , 0
525, 35.04761904761905, 349.00568181818187 , 0.05934815137179962 , 336.3333333333333 , 29 , 0
526, 34.857142857142854, 349.00568181818187 , 0.8475054748339934 , 337.76190476190476 , 42 , 0
527, 35.42857142857143, 349.00568181818187 , 0.8777739158491153 , 337.76190476190476 , 22 , 8
528, 35.42857142857143, 349.00568181818187 , 0.8298071004580398 , 337.76190476190476 , 21 , 0
529, 35.714285714285715, 349.00568181818187 , 0.9108095206823382 , 337.76190476190476 , 9 , 7
530, 35.38095238095238, 349.00568181818187 , 0.8173040181314368 , 337.42857142857144 , 48 , 0
531, 35.42857142857143, 349.00568181818187 , -0.092521240801196 , 334.3809523809524 , 21 , 0
532, 36.285714285714285, 349.00568181818187 , 0.5616302041242528 , 334.3809523809524 , 16 , 0
533, 36.19047619047619, 349.00568181818187 , 0.7078358024574352 , 334.3809523809524 , 11 , 0
534, 36.95238095238095, 349.00568181818187 , 6.992870435923988 , 334.3809523809524 , 20 , 0
535, 37.04761904761905, 349.00568181818187 , 2.268433066323632 , 334.3809523809524 , 24 , 0
536, 36.95238095238095, 349.00568181818187 , 2.268493467527176 , 334.3809523809524 , 16 , 0
537, 36.95238095238095, 349.00568181818187 , 1.6777938935917862 , 334.3809523809524 , 19 , 0
538, 36.38095238095238, 349.00568181818187 , 1.5043144303052078 , 334.3809523809524 , 25 , 0
539, 36.42857142857143, 349.00568181818187 , 1.5072281706542565 , 334.3809523809524 , 13 , 0
540, 36.61904761904762, 349.00568181818187 , 1.1964892141939416 , 334.3809523809524 , 19 , 0
541, 36.523809523809526, 349.00568181818187 , 1.198201077347347 , 334.3809523809524 , 10 , 0
542, 36.95238095238095, 349.00568181818187 , 1.178336182284498 , 334.3809523809524 , 12 , 0
543, 36.76190476190476, 349.00568181818187 , 1.1773224858551945 , 334.3809523809524 , 34 , 0
544, 36.857142857142854, 349.00568181818187 , 1.1962848179700305 , 334.3809523809524 , 29 , 0
545, 37.04761904761905, 349.00568181818187 , 1.196475193518218 , 334.76190476190476 , 27 , 0
546, 36.76190476190476, 349.00568181818187 , 1.1544495835267032 , 334.76190476190476 , 21 , 0
547, 36.0, 349.00568181818187 , 1.143442164289162 , 335.6666666666667 , 56 , 0
548, 36.666666666666664, 349.00568181818187 , 1.160692652102257 , 338.1904761904762 , 9 , 0
549, 37.42857142857143, 349.00568181818187 , 1.187689659470323 , 338.1904761904762 , 39 , 0
550, 37.523809523809526, 349.00568181818187 , 1.1762416152451327 , 338.1904761904762 , 43 , 0
551, 37.42857142857143, 349.00568181818187 , 1.1776066872142528 , 338.1904761904762 , 16 , 0
552, 37.523809523809526, 349.00568181818187 , 1.1751659961131256 , 338.1904761904762 , 10 , 0
553, 37.42857142857143, 349.00568181818187 , 1.1889426703419406 , 338.3809523809524 , 39 , 0
554, 37.23809523809524, 349.00568181818187 , 1.1753366779729855 , 338.42857142857144 , 20 , 0
555, 37.333333333333336, 349.00568181818187 , 1.2594371280084713 , 337.7142857142857 , 34 , 0
556, 37.714285714285715, 349.00568181818187 , 1.1804404652244953 , 339.7142857142857 , 37 , 0
557, 38.095238095238095, 349.00568181818187 , 1.129771539868074 , 339.7142857142857 , 34 , 0
558, 37.857142857142854, 349.00568181818187 , 1.1493578313038189 , 339.7142857142857 , 43 , 0
559, 37.76190476190476, 349.00568181818187 , 1.1391193433053444 , 339.7142857142857 , 19 , 0
560, 38.42857142857143, 349.00568181818187 , 1.1316515669877665 , 339.7142857142857 , 30 , 0
561, 38.142857142857146, 349.00568181818187 , 1.113817697935478 , 339.7142857142857 , 37 , 0
562, 38.666666666666664, 349.00568181818187 , 1.0635465671577395 , 344.9047619047619 , 48 , 0
563, 38.57142857142857, 349.00568181818187 , 1.0672400496633951 , 344.9047619047619 , 15 , 0
564, 38.42857142857143, 349.00568181818187 , 1.0777540118182043 , 344.9047619047619 , 15 , 0
565, 38.333333333333336, 349.00568181818187 , 1.0841713615039203 , 341.4761904761905 , 22 , 0
566, 39.76190476190476, 349.00568181818187 , 1.0784420447523952 , 341.4761904761905 , 30 , 0
567, 39.476190476190474, 349.00568181818187 , 1.0780904574339094 , 341.4761904761905 , 21 , 0
568, 39.38095238095238, 349.00568181818187 , 1.0879128461427077 , 341.4761904761905 , 11 , 0
569, 39.714285714285715, 349.00568181818187 , 1.0761771370279118 , 341.4761904761905 , 35 , 0
570, 39.333333333333336, 349.00568181818187 , 1.090574231144342 , 338.76190476190476 , 21 , 0
571, 39.23809523809524, 349.00568181818187 , 1.0810517211919883 , 338.76190476190476 , 47 , 0
572, 39.23809523809524, 349.00568181818187 , 1.077084773549694 , 338.76190476190476 , 19 , 0
573, 39.714285714285715, 349.00568181818187 , 1.0505134925688668 , 338.76190476190476 , 32 , 0
574, 39.42857142857143, 349.00568181818187 , 1.0513442356661704 , 338.76190476190476 , 21 , 0
575, 39.476190476190474, 349.00568181818187 , 1.051131603920835 , 338.76190476190476 , 5 , 0
576, 39.19047619047619, 349.00568181818187 , 1.0612375878422367 , 338.76190476190476 , 27 , 0
577, 39.285714285714285, 349.00568181818187 , 1.053865879625965 , 338.76190476190476 , 21 , 0
578, 39.0, 349.00568181818187 , 1.0462740333001694 , 338.76190476190476 , 43 , 0
579, 39.714285714285715, 349.00568181818187 , 1.0407424707871447 , 340.85714285714283 , 16 , 0
580, 40.285714285714285, 349.00568181818187 , 1.0386814979062524 , 340.85714285714283 , 32 , 0
581, 40.333333333333336, 349.00568181818187 , 1.0524228465647905 , 337.7142857142857 , 18 , 8
582, 39.857142857142854, 349.00568181818187 , 1.0503601858589346 , 337.95238095238096 , 33 , 0
583, 39.523809523809526, 349.00568181818187 , 1.042682851727896 , 337.42857142857144 , 23 , 8
584, 39.333333333333336, 349.00568181818187 , 1.0410204714890599 , 336.6190476190476 , 14 , 0
585, 39.19047619047619, 349.00568181818187 , 1.0341904917208278 , 337.5238095238095 , 51 , 0
586, 39.19047619047619, 349.00568181818187 , 1.030059816235092 , 337.5238095238095 , 16 , 0
587, 38.904761904761905, 349.00568181818187 , 1.0307918455688305 , 338.14285714285717 , 52 , 0
588, 39.19047619047619, 349.00568181818187 , 1.0339956109381176 , 338.14285714285717 , 14 , 0
589, 39.285714285714285, 349.00568181818187 , 1.0356512193850627 , 337.23809523809524 , 11 , 0
590, 39.19047619047619, 349.00568181818187 , 1.0372447565396645 , 337.23809523809524 , 7 , 0
591, 39.476190476190474, 349.00568181818187 , 1.0295678420525531 , 337.23809523809524 , 13 , 0
592, 39.857142857142854, 349.00568181818187 , 1.02949265602098 , 337.23809523809524 , 7 , 0
593, 40.23809523809524, 349.00568181818187 , 1.0236106570986845 , 337.23809523809524 , 46 , 0
594, 40.523809523809526, 349.00568181818187 , 0.9865534251382232 , 338.2857142857143 , 41 , 0
595, 40.333333333333336, 349.00568181818187 , 0.9855157102660729 , 338.2857142857143 , 25 , 8
596, 40.80952380952381, 349.00568181818187 , 0.9989370842009871 , 338.2857142857143 , 16 , 0
597, 40.76190476190476, 349.00568181818187 , 1.0016202441584163 , 338.2857142857143 , 14 , 0
598, 41.142857142857146, 349.00568181818187 , 1.0017750827546696 , 339.7142857142857 , 20 , 0
599, 41.42857142857143, 349.00568181818187 , 1.0173661545337647 , 339.7142857142857 , 5 , 8
600, 41.333333333333336, 349.00568181818187 , 1.0160768931876174 , 339.3333333333333 , 24 , 0
601, 41.42857142857143, 349.00568181818187 , 1.0125935839282616 , 339.6666666666667 , 10 , 0
602, 41.523809523809526, 349.00568181818187 , 1.0123597141653182 , 339.95238095238096 , 17 , 0
603, 41.333333333333336, 349.00568181818187 , 1.0215890966113654 , 339.23809523809524 , 16 , 0
604, 41.666666666666664, 349.00568181818187 , 1.0169788644605116 , 338.2857142857143 , 58 , 0
605, 41.57142857142857, 349.00568181818187 , 1.0176360400752509 , 338.2857142857143 , 4 , 6
606, 41.285714285714285, 349.00568181818187 , 1.021725621697545 , 338.2857142857143 , 7 , 0
607, 41.38095238095238, 349.00568181818187 , 1.0166877997765713 , 338.2857142857143 , 13 , 0
608, 41.476190476190474, 349.00568181818187 , 1.0221591070213463 , 338.85714285714283 , 20 , 0
609, 41.666666666666664, 349.00568181818187 , 1.0215569866287528 , 338.85714285714283 , 23 , 0
610, 41.857142857142854, 349.00568181818187 , 1.0209699744626657 , 341.4761904761905 , 33 , 0
611, 41.666666666666664, 349.00568181818187 , 1.0288331638298749 , 341.4761904761905 , 11 , 0
612, 41.714285714285715, 349.00568181818187 , 1.0281291185764385 , 341.4761904761905 , 15 , 0
613, 42.0, 349.00568181818187 , 1.0279899669941646 , 341.4761904761905 , 11 , 0
614, 42.0, 349.00568181818187 , 1.0328151607165212 , 341.4761904761905 , 13 , 0
615, 42.666666666666664, 349.00568181818187 , 1.035839762573479 , 341.4761904761905 , 17 , 0
616, 42.38095238095238, 349.00568181818187 , 1.036249967287731 , 341.4761904761905 , 24 , 0
617, 42.57142857142857, 349.00568181818187 , 1.0363886284762984 , 340.9047619047619 , 6 , 0
618, 42.285714285714285, 349.00568181818187 , 1.0375645625939443 , 340.9047619047619 , 10 , 0
619, 42.19047619047619, 349.00568181818187 , 1.0397774304340333 , 340.9047619047619 , 18 , 0
620, 42.666666666666664, 349.00568181818187 , 1.0360995899223415 , 339.85714285714283 , 37 , 0
621, 43.142857142857146, 349.00568181818187 , 1.0312502787756284 , 341.0 , 21 , 0
622, 42.80952380952381, 349.00568181818187 , 1.0168848688246461 , 344.76190476190476 , 39 , 0
623, 42.523809523809526, 349.00568181818187 , 1.0220031042495081 , 344.76190476190476 , 16 , 0
624, 41.857142857142854, 349.00568181818187 , 1.0263767497589331 , 345.23809523809524 , 53 , 0
625, 41.476190476190474, 349.00568181818187 , 1.0280419656027049 , 345.5238095238095 , 23 , 0
626, 41.904761904761905, 349.00568181818187 , 1.0271548023419106 , 345.8095238095238 , 27 , 0
627, 41.523809523809526, 349.00568181818187 , 1.0268014318550338 , 345.8095238095238 , 26 , 0
628, 42.285714285714285, 349.00568181818187 , 1.0407704987136221 , 343.0 , 8 , 0
629, 41.904761904761905, 349.00568181818187 , 1.0421411121525979 , 343.76190476190476 , 24 , 0
630, 41.714285714285715, 349.00568181818187 , 1.0449211868352912 , 343.76190476190476 , 4 , 0
631, 41.23809523809524, 349.00568181818187 , 1.0463025317678845 , 343.76190476190476 , 17 , 0
632, 40.95238095238095, 349.00568181818187 , 1.0467245436707058 , 343.76190476190476 , 17 , 0
633, 40.80952380952381, 349.00568181818187 , 1.0419246179178432 , 343.76190476190476 , 26 , 0
634, 40.23809523809524, 349.00568181818187 , 1.0397286330126245 , 343.76190476190476 , 32 , 0
635, 40.04761904761905, 349.00568181818187 , 1.0373631057671229 , 344.04761904761904 , 12 , 0
636, 39.857142857142854, 349.00568181818187 , 1.0302231918594673 , 344.04761904761904 , 32 , 0
637, 39.285714285714285, 349.00568181818187 , 1.0334301580743748 , 344.0952380952381 , 31 , 0
638, 39.666666666666664, 349.00568181818187 , 1.0328673466292608 , 344.0952380952381 , 27 , 0
639, 39.38095238095238, 349.00568181818187 , 1.0359928378846044 , 344.0952380952381 , 16 , 0
640, 39.04761904761905, 349.00568181818187 , 1.0389777525028618 , 343.6190476190476 , 22 , 0
641, 39.42857142857143, 349.00568181818187 , 1.0288714704508284 , 343.6190476190476 , 21 , 0
642, 39.61904761904762, 349.00568181818187 , 1.0219807978905833 , 343.6190476190476 , 44 , 0
643, 39.38095238095238, 349.00568181818187 , 1.035063903004468 , 342.76190476190476 , 20 , 0
644, 39.666666666666664, 349.00568181818187 , 1.0349989569152656 , 342.76190476190476 , 21 , 0
645, 40.04761904761905, 349.00568181818187 , 1.036433147254661 , 342.76190476190476 , 17 , 0
646, 40.04761904761905, 349.00568181818187 , 1.0384876136569898 , 342.76190476190476 , 14 , 0
647, 39.476190476190474, 349.00568181818187 , 1.049812373532713 , 342.57142857142856 , 2 , 0
648, 39.76190476190476, 349.00568181818187 , 1.0486548944408651 , 342.57142857142856 , 12 , 0
649, 39.76190476190476, 349.00568181818187 , 1.0434631407281523 , 342.57142857142856 , 35 , 0
650, 40.04761904761905, 349.00568181818187 , 1.0356152897169661 , 342.57142857142856 , 24 , 0
651, 40.76190476190476, 349.00568181818187 , 1.037756869614626 , 342.57142857142856 , 21 , 8
652, 40.285714285714285, 349.00568181818187 , 1.0368503220283727 , 342.57142857142856 , 11 , 0
653, 40.57142857142857, 349.00568181818187 , 1.0386597919682483 , 342.57142857142856 , 27 , 0
654, 40.38095238095238, 349.00568181818187 , 1.0341842971994961 , 344.85714285714283 , 11 , 8
655, 40.095238095238095, 349.00568181818187 , 1.033496177415591 , 344.85714285714283 , 40 , 0
656, 39.61904761904762, 349.00568181818187 , 1.0349224040040494 , 344.85714285714283 , 1 , 0
657, 40.095238095238095, 349.00568181818187 , 1.0294374956520231 , 344.85714285714283 , 19 , 0
658, 40.76190476190476, 349.00568181818187 , 1.0327880383407617 , 344.4761904761905 , 49 , 0
659, 40.95238095238095, 349.00568181818187 , 1.033642063727879 , 344.7142857142857 , 22 , 0
660, 41.42857142857143, 349.00568181818187 , 1.0336501767077775 , 344.7142857142857 , 27 , 0
661, 41.80952380952381, 349.00568181818187 , 1.0375844831269991 , 344.7142857142857 , 2 , 0
662, 41.57142857142857, 349.00568181818187 , 1.0354395358263662 , 344.7142857142857 , 16 , 0
663, 42.0, 349.00568181818187 , 1.034293491130694 , 348.0 , 15 , 0
664, 41.904761904761905, 349.00568181818187 , 1.0367062680872534 , 348.0 , 36 , 0
665, 41.80952380952381, 349.00568181818187 , 1.036693876911296 , 348.0 , 16 , 0
666, 42.57142857142857, 349.00568181818187 , 1.026107642851594 , 347.7142857142857 , 33 , 0
667, 42.285714285714285, 349.00568181818187 , 1.0201892448183212 , 347.9047619047619 , 43 , 0
668, 42.38095238095238, 349.00568181818187 , 1.0206681760624046 , 347.9047619047619 , 0 , 0
669, 42.095238095238095, 349.00568181818187 , 1.0258898409503165 , 347.9047619047619 , 5 , 0
670, 42.0, 349.00568181818187 , 1.0267893233318899 , 347.9047619047619 , 19 , 0
671, 42.285714285714285, 349.00568181818187 , 1.032311957933946 , 346.8095238095238 , 16 , 0
672, 42.285714285714285, 349.00568181818187 , 1.0342656696430679 , 346.42857142857144 , 24 , 0
673, 42.285714285714285, 349.00568181818187 , 1.0345142800003764 , 346.6190476190476 , 31 , 0
674, 42.57142857142857, 349.00568181818187 , 1.0306120433421115 , 346.6190476190476 , 32 , 0
675, 42.333333333333336, 349.00568181818187 , 1.0323326171396827 , 345.23809523809524 , 21 , 0
676, 41.904761904761905, 349.00568181818187 , 1.0288541535155384 , 345.5238095238095 , 37 , 0
677, 41.904761904761905, 349.00568181818187 , 1.0335747679064196 , 345.2857142857143 , 12 , 0
678, 42.19047619047619, 349.00568181818187 , 1.034347142416222 , 345.2857142857143 , 25 , 0
679, 42.19047619047619, 349.00568181818187 , 1.0237835111129332 , 345.2857142857143 , 34 , 0
680, 41.80952380952381, 349.00568181818187 , 1.0421669243732299 , 343.14285714285717 , 15 , 0
681, 41.61904761904762, 349.00568181818187 , 1.0436268138429854 , 342.42857142857144 , 14 , 0
682, 40.714285714285715, 349.00568181818187 , 1.0440701882568773 , 342.42857142857144 , 6 , 0
683, 40.61904761904762, 349.00568181818187 , 1.0428799567721523 , 342.42857142857144 , 42 , 0
684, 40.333333333333336, 349.00568181818187 , 1.0514033835957437 , 342.42857142857144 , 9 , 0
685, 40.142857142857146, 349.00568181818187 , 1.0503233267306615 , 342.42857142857144 , 13 , 0
686, 39.57142857142857, 349.00568181818187 , 1.0427986297497398 , 341.42857142857144 , 37 , 0
687, 38.95238095238095, 349.00568181818187 , 1.0445310312851988 , 341.42857142857144 , 11 , 0
688, 38.95238095238095, 349.00568181818187 , 1.0373377586072212 , 341.42857142857144 , 33 , 0
689, 39.285714285714285, 349.00568181818187 , 1.0358280909214663 , 341.42857142857144 , 38 , 0
690, 39.61904761904762, 349.00568181818187 , 1.034093767834167 , 341.42857142857144 , 31 , 0
691, 39.904761904761905, 349.00568181818187 , 1.0351230217894443 , 341.42857142857144 , 22 , 0
692, 40.19047619047619, 349.00568181818187 , 1.0404886862173754 , 341.42857142857144 , 19 , 0
693, 39.523809523809526, 349.00568181818187 , 1.0396533629633797 , 341.42857142857144 , 27 , 0
694, 39.523809523809526, 349.00568181818187 , 1.0314342364863933 , 341.42857142857144 , 34 , 0
695, 39.80952380952381, 349.00568181818187 , 1.0290503859847824 , 341.5238095238095 , 37 , 0
696, 39.904761904761905, 349.00568181818187 , 1.0320286951173536 , 341.5238095238095 , 16 , 0
697, 39.904761904761905, 349.00568181818187 , 1.0416183778039654 , 341.5238095238095 , 5 , 0
698, 39.61904761904762, 349.00568181818187 , 1.0388586117448309 , 341.76190476190476 , 34 , 0
699, 39.714285714285715, 349.00568181818187 , 1.0433092476033377 , 341.76190476190476 , 16 , 0
700, 39.523809523809526, 349.00568181818187 , 1.050309856384603 , 341.76190476190476 , 10 , 0
701, 39.57142857142857, 349.00568181818187 , 1.0445178302170537 , 342.5238095238095 , 27 , 0
702, 39.19047619047619, 349.00568181818187 , 1.0462360566604978 , 342.2857142857143 , 51 , 0
703, 39.57142857142857, 349.00568181818187 , 1.0407866468423308 , 342.4761904761905 , 39 , 0
704, 39.857142857142854, 349.00568181818187 , 1.0501961425739248 , 342.4761904761905 , 14 , 0
705, 39.857142857142854, 349.00568181818187 , 1.0539725696898188 , 342.4761904761905 , 21 , 0
706, 40.42857142857143, 349.00568181818187 , 1.0549700238527575 , 342.4761904761905 , 1 , 0
707, 40.23809523809524, 349.00568181818187 , 1.0572890597706899 , 342.4761904761905 , 7 , 0
708, 39.95238095238095, 349.00568181818187 , 1.0653251098463696 , 342.85714285714283 , 22 , 0
709, 40.333333333333336, 349.00568181818187 , 1.0672386731348111 , 342.85714285714283 , 32 , 0
710, 40.61904761904762, 349.00568181818187 , 1.067040800450998 , 342.85714285714283 , 32 , 0
711, 40.714285714285715, 349.00568181818187 , 1.082345408524216 , 342.85714285714283 , 19 , 0
712, 40.23809523809524, 349.00568181818187 , 1.1343115109009185 , 340.0 , 10 , 0
713, 39.666666666666664, 349.00568181818187 , 1.1329152555317914 , 340.0 , 42 , 0
714, 39.523809523809526, 349.00568181818187 , 1.1508290507863184 , 340.0 , 16 , 0
715, 38.857142857142854, 349.00568181818187 , 1.1582156938273531 , 340.0 , 25 , 0
716, 38.76190476190476, 349.00568181818187 , 1.2596863817939759 , 340.0 , 3 , 0
717, 39.333333333333336, 349.00568181818187 , 1.2030474686120496 , 340.0 , 27 , 0
718, 39.61904761904762, 349.00568181818187 , 1.232044433439192 , 340.0 , 18 , 0
719, 39.523809523809526, 349.00568181818187 , 1.2186010749089446 , 340.0 , 13 , 0
720, 38.95238095238095, 349.00568181818187 , 1.2783499404000171 , 340.0 , 25 , 0
721, 39.333333333333336, 349.00568181818187 , 1.7152681967078671 , 340.0 , 7 , 0
722, 39.333333333333336, 349.00568181818187 , 1.3631846435468271 , 340.0 , 23 , 0
723, 39.23809523809524, 349.00568181818187 , 1.304903810682864 , 340.0 , 25 , 0
724, 39.42857142857143, 349.00568181818187 , 1.2651242355809902 , 340.0 , 21 , 0
725, 39.904761904761905, 349.00568181818187 , 1.1997555683321999 , 340.0 , 17 , 0
726, 39.04761904761905, 349.00568181818187 , 1.2807423533695133 , 339.0952380952381 , 24 , 0
727, 38.76190476190476, 349.00568181818187 , 1.286090998170049 , 338.2857142857143 , 6 , 0
728, 38.95238095238095, 349.00568181818187 , 1.4646789580432238 , 336.4761904761905 , 16 , 0
729, 39.04761904761905, 349.00568181818187 , 1.3150177213574497 , 336.4761904761905 , 16 , 0
730, 38.57142857142857, 349.00568181818187 , 1.3420164451592842 , 336.4761904761905 , 15 , 0
731, 38.285714285714285, 349.00568181818187 , 1.2786029155643963 , 336.4761904761905 , 37 , 0
732, 38.285714285714285, 349.00568181818187 , 1.2402398875871405 , 336.4761904761905 , 7 , 0
733, 38.57142857142857, 349.00568181818187 , 1.269868304753334 , 336.4761904761905 , 12 , 0
734, 39.333333333333336, 349.00568181818187 , 1.6591928045824627 , 336.4761904761905 , 16 , 0
735, 39.61904761904762, 349.00568181818187 , 0.5747146619012965 , 336.4761904761905 , 23 , 0
736, 38.57142857142857, 349.00568181818187 , 0.8593112730079197 , 336.4761904761905 , 29 , 0
737, 38.76190476190476, 349.00568181818187 , 0.7743353311401189 , 336.8095238095238 , 37 , 0
738, 38.76190476190476, 349.00568181818187 , 0.7744716718815015 , 336.8095238095238 , 9 , 0
739, 38.476190476190474, 349.00568181818187 , 0.9172105851533665 , 336.8095238095238 , 19 , 0
740, 38.285714285714285, 349.00568181818187 , 4.940485395421082 , 335.4761904761905 , 38 , 0
741, 38.285714285714285, 349.00568181818187 , 1.3360614673325035 , 335.4761904761905 , 43 , 0
742, 38.285714285714285, 349.00568181818187 , 1.323797420892184 , 335.4761904761905 , 11 , 0
743, 38.57142857142857, 349.00568181818187 , 1.3170323384927782 , 335.4761904761905 , 28 , 0
744, 39.04761904761905, 349.00568181818187 , 1.1607013730985076 , 335.4761904761905 , 30 , 0
745, 39.04761904761905, 349.00568181818187 , 1.1504788426734418 , 335.4761904761905 , 18 , 0
746, 39.142857142857146, 349.00568181818187 , 1.118849706380288 , 335.4761904761905 , 7 , 0
747, 39.142857142857146, 349.00568181818187 , 1.1178207846591537 , 335.4761904761905 , 28 , 0
748, 38.904761904761905, 349.00568181818187 , 1.1490323064420753 , 335.4761904761905 , 18 , 0
749, 38.904761904761905, 349.00568181818187 , 1.1413808656833875 , 335.4761904761905 , 16 , 0
750, 38.333333333333336, 349.00568181818187 , 1.1509334599064605 , 335.4761904761905 , 3 , 0
751, 37.857142857142854, 349.00568181818187 , 1.1859434939448508 , 335.4761904761905 , 21 , 0
752, 37.666666666666664, 349.00568181818187 , 1.4978193783222418 , 335.4761904761905 , 22 , 0
753, 37.57142857142857, 349.00568181818187 , 1.4978572905172558 , 335.4761904761905 , 10 , 0
754, 37.95238095238095, 349.00568181818187 , 1.5008139012093593 , 335.4761904761905 , 16 , 0
755, 37.95238095238095, 349.00568181818187 , 1.5008355447367745 , 335.4761904761905 , 16 , 0
756, 37.23809523809524, 349.00568181818187 , 1.221625496951123 , 339.0 , 44 , 0
757, 37.61904761904762, 349.00568181818187 , 1.1903340007294037 , 339.0 , 18 , 0
758, 38.0, 349.00568181818187 , 1.1547116069222951 , 339.0 , 25 , 0
759, 38.95238095238095, 349.00568181818187 , 1.1409834115918245 , 339.0 , 52 , 0
760, 38.714285714285715, 349.00568181818187 , 1.1105111562947567 , 339.0 , 24 , 0
761, 38.714285714285715, 349.00568181818187 , 1.1119687797210407 , 339.0 , 7 , 0
762, 38.23809523809524, 349.00568181818187 , 1.125624188933726 , 339.0 , 11 , 0
763, 38.333333333333336, 349.00568181818187 , 1.1134232881406394 , 339.0 , 23 , 0
764, 38.333333333333336, 349.00568181818187 , 1.121733937242894 , 339.0 , 17 , 0
765, 38.904761904761905, 349.00568181818187 , 1.0998815966153817 , 339.57142857142856 , 37 , 0
766, 38.666666666666664, 349.00568181818187 , 1.2842585977525243 , 336.57142857142856 , 2 , 0
767, 38.714285714285715, 349.00568181818187 , 1.283350998487613 , 336.57142857142856 , 10 , 0
768, 38.57142857142857, 349.00568181818187 , 1.294496519965641 , 337.0 , 19 , 0
769, 38.523809523809526, 349.00568181818187 , 1.2521032477000322 , 337.3809523809524 , 27 , 0
770, 38.61904761904762, 349.00568181818187 , 1.3234524779843726 , 337.3809523809524 , 10 , 0
771, 39.0, 349.00568181818187 , 1.3234700325440876 , 337.3809523809524 , 5 , 0
772, 38.61904761904762, 349.00568181818187 , 1.323427744692815 , 337.3809523809524 , 10 , 0
773, 38.714285714285715, 349.00568181818187 , 1.323390987415276 , 337.3809523809524 , 5 , 0
774, 38.666666666666664, 349.00568181818187 , 0.7810844169320068 , 336.95238095238096 , 12 , 0
775, 39.142857142857146, 349.00568181818187 , 0.883530838793484 , 336.95238095238096 , 19 , 0
776, 39.095238095238095, 349.00568181818187 , 0.8836255474698801 , 336.95238095238096 , 12 , 0
777, 38.61904761904762, 349.00568181818187 , 0.9300325805402291 , 336.95238095238096 , 22 , 0
778, 38.42857142857143, 349.00568181818187 , 0.932275349689078 , 336.95238095238096 , 24 , 0
779, 38.04761904761905, 349.00568181818187 , 0.5584865794149874 , 336.95238095238096 , 36 , 0
780, 38.42857142857143, 349.00568181818187 , 0.5585850140564005 , 337.0952380952381 , 22 , 0
781, 38.42857142857143, 349.00568181818187 , 0.4718826939653254 , 337.0952380952381 , 20 , 8
782, 38.42857142857143, 349.00568181818187 , 0.7499782740073568 , 337.0952380952381 , 0 , 0
783, 38.142857142857146, 349.00568181818187 , 0.823983359441816 , 337.3809523809524 , 26 , 0
784, 38.38095238095238, 349.00568181818187 , 0.8727576768369949 , 337.6666666666667 , 20 , 0
785, 38.19047619047619, 349.00568181818187 , 0.8278498472287195 , 337.6666666666667 , 13 , 0
786, 37.857142857142854, 349.00568181818187 , 0.8254220123345319 , 338.85714285714283 , 43 , 0
787, 37.19047619047619, 349.00568181818187 , 0.8547853277044853 , 334.23809523809524 , 8 , 0
788, 36.904761904761905, 349.00568181818187 , 0.8670802292181792 , 334.8095238095238 , 15 , 0
789, 36.61904761904762, 349.00568181818187 , 0.6494593324517742 , 334.8095238095238 , 17 , 6
790, 36.523809523809526, 349.00568181818187 , 0.8024626558319218 , 334.8095238095238 , 17 , 0
791, 36.523809523809526, 349.00568181818187 , 0.4422977268530532 , 334.8095238095238 , 46 , 0
792, 36.333333333333336, 349.00568181818187 , 0.1914145155551311 , 334.8095238095238 , 21 , 0
793, 36.714285714285715, 349.00568181818187 , 0.4447354810597246 , 334.8095238095238 , 9 , 0
794, 36.57142857142857, 349.00568181818187 , 0.3383475904280484 , 334.8095238095238 , 11 , 0
795, 36.857142857142854, 349.00568181818187 , 0.674299674631225 , 334.8095238095238 , 44 , 0
796, 37.04761904761905, 349.00568181818187 , 0.6651139930708486 , 334.8095238095238 , 31 , 0
797, 36.857142857142854, 349.00568181818187 , 0.6243154901162904 , 334.8095238095238 , 21 , 0
798, 36.857142857142854, 349.00568181818187 , 0.7754991217429835 , 334.8095238095238 , 11 , 0
799, 37.142857142857146, 349.00568181818187 , 0.7350289934480282 , 334.5238095238095 , 29 , 0
800, 37.142857142857146, 349.00568181818187 , 0.7014662047391437 , 334.5238095238095 , 24 , 0
801, 37.142857142857146, 349.00568181818187 , 0.5121737194526392 , 334.5238095238095 , 19 , 0
802, 37.57142857142857, 349.00568181818187 , -1.1527645976559302 , 333.95238095238096 , 30 , 0
803, 37.666666666666664, 349.00568181818187 , -1.1536195587026035 , 333.95238095238096 , 35 , 0
804, 37.523809523809526, 349.00568181818187 , 1.284803285830264 , 338.04761904761904 , 33 , 0
805, 37.523809523809526, 349.00568181818187 , 1.45526409641959 , 337.6666666666667 , 25 , 0
806, 37.57142857142857, 349.00568181818187 , 1.3673136291973809 , 341.3333333333333 , 26 , 0
807, 37.857142857142854, 349.00568181818187 , 1.1563706278481398 , 341.3333333333333 , 24 , 0
808, 37.904761904761905, 349.00568181818187 , 1.127284888387726 , 341.3333333333333 , 32 , 0
809, 38.0, 349.00568181818187 , 1.0851172638410744 , 341.3333333333333 , 30 , 0
810, 37.95238095238095, 349.00568181818187 , 1.0868609006609016 , 341.3333333333333 , 17 , 0
811, 37.38095238095238, 349.00568181818187 , 1.10398260727405 , 341.3333333333333 , 17 , 0
812, 37.38095238095238, 349.00568181818187 , 1.133942652390064 , 337.6666666666667 , 9 , 0
813, 37.57142857142857, 349.00568181818187 , 1.160300441543781 , 337.6666666666667 , 14 , 0
814, 37.57142857142857, 349.00568181818187 , 1.1595440906837577 , 339.04761904761904 , 39 , 0
815, 37.95238095238095, 349.00568181818187 , 1.159882404695214 , 339.04761904761904 , 0 , 0
816, 37.76190476190476, 349.00568181818187 , 1.1596422437295717 , 339.04761904761904 , 23 , 0
817, 37.476190476190474, 349.00568181818187 , 1.1606371931860116 , 339.04761904761904 , 6 , 0
818, 37.57142857142857, 349.00568181818187 , 1.1602173865172611 , 341.23809523809524 , 21 , 0
819, 37.61904761904762, 349.00568181818187 , 1.1615460553092403 , 341.23809523809524 , 29 , 0
820, 37.42857142857143, 349.00568181818187 , 1.1334849087879217 , 341.23809523809524 , 32 , 0
821, 37.80952380952381, 349.00568181818187 , 1.1234591410852606 , 341.23809523809524 , 15 , 0
822, 37.095238095238095, 349.00568181818187 , 1.1354226408367272 , 341.23809523809524 , 19 , 0
823, 37.80952380952381, 349.00568181818187 , 1.1524209264434013 , 341.23809523809524 , 18 , 0
824, 38.19047619047619, 349.00568181818187 , 1.1386604746478923 , 341.23809523809524 , 44 , 0
825, 38.666666666666664, 349.00568181818187 , 1.1204684473943392 , 341.23809523809524 , 21 , 0
826, 39.04761904761905, 349.00568181818187 , 1.2678702698315332 , 341.23809523809524 , 24 , 0
827, 39.095238095238095, 349.00568181818187 , 1.5969087313020591 , 341.6666666666667 , 36 , 0
828, 38.476190476190474, 349.00568181818187 , 1.1684131452990532 , 342.7142857142857 , 33 , 0
829, 38.476190476190474, 349.00568181818187 , 1.1625407662188023 , 342.7142857142857 , 30 , 0
830, 38.476190476190474, 349.00568181818187 , 1.0878342367607376 , 344.8095238095238 , 32 , 0
831, 38.285714285714285, 349.00568181818187 , 1.068560934821572 , 344.8095238095238 , 31 , 0
832, 37.80952380952381, 349.00568181818187 , 1.067159820023976 , 344.8095238095238 , 25 , 0
833, 37.904761904761905, 349.00568181818187 , 1.0684871820652664 , 341.76190476190476 , 30 , 0
834, 37.523809523809526, 349.00568181818187 , 1.0569226454699956 , 341.76190476190476 , 29 , 0
835, 37.61904761904762, 349.00568181818187 , 1.058711255198837 , 341.76190476190476 , 8 , 0
836, 37.523809523809526, 349.00568181818187 , 1.046729115265774 , 341.76190476190476 , 47 , 0
837, 37.80952380952381, 349.00568181818187 , 1.0358728417755334 , 342.14285714285717 , 32 , 0
838, 38.0, 349.00568181818187 , 1.035650799563444 , 341.8095238095238 , 25 , 0
839, 37.714285714285715, 349.00568181818187 , 1.0307904763690972 , 341.8095238095238 , 13 , 0
840, 38.476190476190474, 349.00568181818187 , 1.0349573289700802 , 341.8095238095238 , 27 , 7
841, 38.76190476190476, 349.00568181818187 , 1.0344822333812314 , 341.8095238095238 , 24 , 0
842, 39.04761904761905, 349.00568181818187 , 1.0259599962816421 , 341.8095238095238 , 19 , 0
843, 39.714285714285715, 349.00568181818187 , 1.0264110457214426 , 341.8095238095238 , 24 , 0
844, 39.714285714285715, 349.00568181818187 , 1.0207133324107998 , 341.8095238095238 , 21 , 0
845, 39.23809523809524, 349.00568181818187 , 1.0137441234858675 , 341.8095238095238 , 21 , 0
846, 39.04761904761905, 349.00568181818187 , 1.0130793864189118 , 341.8095238095238 , 20 , 8
847, 38.95238095238095, 349.00568181818187 , 1.0075735690441485 , 342.1904761904762 , 18 , 0
848, 38.76190476190476, 349.00568181818187 , 1.011643144865059 , 342.1904761904762 , 40 , 0
849, 39.333333333333336, 349.00568181818187 , 1.0086263109712394 , 342.4761904761905 , 32 , 0
850, 39.42857142857143, 349.00568181818187 , 1.0080632888265966 , 342.4761904761905 , 9 , 0
851, 39.714285714285715, 349.00568181818187 , 1.0081330384211467 , 343.3809523809524 , 30 , 0
852, 39.61904761904762, 349.00568181818187 , 1.0015333123051124 , 343.3809523809524 , 40 , 0
853, 39.80952380952381, 349.00568181818187 , 1.0025872775974183 , 343.3809523809524 , 19 , 8
854, 39.714285714285715, 349.00568181818187 , 1.000451634460005 , 343.3809523809524 , 19 , 0
855, 39.42857142857143, 349.00568181818187 , 1.0042577341343193 , 343.3809523809524 , 12 , 7
856, 39.80952380952381, 349.00568181818187 , 0.9958054127012175 , 343.6666666666667 , 18 , 0
857, 39.80952380952381, 349.00568181818187 , 0.9973243183436955 , 343.6666666666667 , 7 , 0
858, 40.38095238095238, 349.00568181818187 , 0.9929294897177479 , 343.95238095238096 , 28 , 0
859, 40.38095238095238, 349.00568181818187 , 1.0007896555881697 , 343.95238095238096 , 5 , 0
860, 40.476190476190474, 349.00568181818187 , 1.0000946805231667 , 343.95238095238096 , 7 , 0
861, 40.0, 349.00568181818187 , 0.996935803152201 , 341.9047619047619 , 27 , 0
862, 39.857142857142854, 349.00568181818187 , 0.9870061987530845 , 342.76190476190476 , 40 , 0
863, 40.04761904761905, 349.00568181818187 , 0.986390134936856 , 343.0952380952381 , 25 , 8
864, 39.95238095238095, 349.00568181818187 , 0.9933734907266828 , 343.0952380952381 , 22 , 0
865, 40.142857142857146, 349.00568181818187 , 0.9998979372165311 , 343.0952380952381 , 25 , 6
866, 40.714285714285715, 349.00568181818187 , 1.0000716124976599 , 343.0952380952381 , 16 , 7
867, 40.57142857142857, 349.00568181818187 , 0.9963042923423777 , 342.76190476190476 , 26 , 0
868, 40.142857142857146, 349.00568181818187 , 0.9987917601718985 , 341.6666666666667 , 43 , 8
869, 39.76190476190476, 349.00568181818187 , 0.9985699102350923 , 341.6666666666667 , 21 , 0
870, 40.142857142857146, 349.00568181818187 , 0.9853011938354518 , 342.23809523809524 , 35 , 7
871, 39.95238095238095, 349.00568181818187 , 0.9829745209330027 , 342.23809523809524 , 14 , 0
872, 39.76190476190476, 349.00568181818187 , 0.9929802235089922 , 342.6190476190476 , 18 , 8
873, 40.142857142857146, 349.00568181818187 , 0.9931690228731744 , 342.6190476190476 , 13 , 0
874, 40.333333333333336, 349.00568181818187 , 0.9928456516378719 , 342.6190476190476 , 22 , 0
875, 40.333333333333336, 349.00568181818187 , 0.9939949704127296 , 341.76190476190476 , 26 , 0
876, 40.523809523809526, 349.00568181818187 , 0.9964868026459991 , 342.0952380952381 , 31 , 0
877, 40.23809523809524, 349.00568181818187 , 0.9967652542390842 , 342.0952380952381 , 6 , 0
878, 40.904761904761905, 349.00568181818187 , 1.0036267413447117 , 342.0952380952381 , 20 , 0
879, 40.904761904761905, 349.00568181818187 , 0.9946619519300801 , 342.0952380952381 , 17 , 0
880, 40.61904761904762, 349.00568181818187 , 0.9954815174296814 , 342.3809523809524 , 9 , 0
881, 41.38095238095238, 349.00568181818187 , 0.9983047920044505 , 342.3809523809524 , 20 , 0
882, 41.0, 349.00568181818187 , 1.0036889420042638 , 341.3809523809524 , 17 , 0
883, 41.285714285714285, 349.00568181818187 , 1.0092557762974161 , 341.3809523809524 , 22 , 0
884, 41.285714285714285, 349.00568181818187 , 1.0102029607515222 , 342.1904761904762 , 28 , 0
885, 40.61904761904762, 349.00568181818187 , 1.0116485487558227 , 342.1904761904762 , 11 , 0
886, 40.523809523809526, 349.00568181818187 , 1.0114759421655706 , 342.1904761904762 , 30 , 0
887, 40.714285714285715, 349.00568181818187 , 1.0112322375003422 , 342.1904761904762 , 5 , 0
888, 40.61904761904762, 349.00568181818187 , 1.012939369742956 , 342.85714285714283 , 29 , 0
889, 40.523809523809526, 349.00568181818187 , 1.0159458271802682 , 342.85714285714283 , 15 , 0
890, 40.523809523809526, 349.00568181818187 , 1.0175385768225615 , 342.1904761904762 , 8 , 8
891, 40.42857142857143, 349.00568181818187 , 1.0211064985779026 , 342.1904761904762 , 11 , 0
892, 40.333333333333336, 349.00568181818187 , 1.0234724492908798 , 342.1904761904762 , 41 , 0
893, 40.333333333333336, 349.00568181818187 , 1.0218395615388636 , 342.1904761904762 , 18 , 0
894, 40.285714285714285, 349.00568181818187 , 1.02860063555031 , 342.1904761904762 , 19 , 0
895, 40.19047619047619, 349.00568181818187 , 1.024745189632874 , 343.5238095238095 , 25 , 0
896, 40.42857142857143, 349.00568181818187 , 1.0252481787960992 , 343.5238095238095 , 3 , 0
897, 40.714285714285715, 349.00568181818187 , 1.021938986369671 , 343.5238095238095 , 22 , 0
898, 40.42857142857143, 349.00568181818187 , 1.0217462243429158 , 343.5238095238095 , 28 , 0
899, 40.19047619047619, 349.00568181818187 , 1.0217731620534034 , 343.5238095238095 , 18 , 0
900, 40.23809523809524, 349.00568181818187 , 1.0229727929818013 , 343.14285714285717 , 11 , 0
901, 40.142857142857146, 349.00568181818187 , 1.0159173345752799 , 343.23809523809524 , 25 , 0
902, 40.80952380952381, 349.00568181818187 , 1.0148640281333772 , 343.23809523809524 , 27 , 0
903, 40.61904761904762, 349.00568181818187 , 1.01351462313794 , 343.23809523809524 , 7 , 0
904, 40.42857142857143, 349.00568181818187 , 1.023147092938753 , 341.8095238095238 , 26 , 0
905, 40.61904761904762, 349.00568181818187 , 1.015981005913294 , 341.8095238095238 , 22 , 0
906, 40.0, 349.00568181818187 , 1.019519358666157 , 341.8095238095238 , 33 , 0
907, 38.95238095238095, 349.00568181818187 , 1.019404294048691 , 341.8095238095238 , 12 , 0
908, 38.76190476190476, 349.00568181818187 , 1.0194338487431298 , 341.8095238095238 , 15 , 0
909, 38.80952380952381, 349.00568181818187 , 1.0195846026131339 , 341.8095238095238 , 8 , 0
910, 38.42857142857143, 349.00568181818187 , 1.019688791149738 , 341.8095238095238 , 3 , 0
911, 38.476190476190474, 349.00568181818187 , 1.0135909141299508 , 343.0952380952381 , 31 , 0
912, 38.76190476190476, 349.00568181818187 , 1.020829275973163 , 343.0952380952381 , 12 , 0
913, 38.38095238095238, 349.00568181818187 , 1.0158314573113638 , 343.0952380952381 , 16 , 0
914, 37.904761904761905, 349.00568181818187 , 1.0197926318349533 , 343.0952380952381 , 14 , 0
915, 37.095238095238095, 349.00568181818187 , 1.0189050413233698 , 343.0952380952381 , 29 , 0
916, 37.38095238095238, 349.00568181818187 , 1.0195482931092266 , 342.85714285714283 , 6 , 0
917, 37.095238095238095, 349.00568181818187 , 1.019491835724315 , 342.85714285714283 , 14 , 0
918, 37.42857142857143, 349.00568181818187 , 1.0121211010972797 , 343.04761904761904 , 38 , 0
919, 37.476190476190474, 349.00568181818187 , 1.012026937450937 , 343.04761904761904 , 25 , 0
920, 37.666666666666664, 349.00568181818187 , 1.0075784729820179 , 343.04761904761904 , 16 , 0
921, 37.904761904761905, 349.00568181818187 , 1.008101561160269 , 343.04761904761904 , 12 , 0
922, 38.095238095238095, 349.00568181818187 , 1.0089403102469463 , 343.14285714285717 , 15 , 0
923, 37.80952380952381, 349.00568181818187 , 1.0118057403834588 , 343.14285714285717 , 17 , 0
924, 37.714285714285715, 349.00568181818187 , 1.0152823075589457 , 343.14285714285717 , 21 , 0
925, 37.80952380952381, 349.00568181818187 , 1.0148332861159493 , 343.14285714285717 , 16 , 0
926, 38.333333333333336, 349.00568181818187 , 1.008103867028284 , 344.6190476190476 , 27 , 0
927, 38.333333333333336, 349.00568181818187 , 1.0041103578097577 , 344.6190476190476 , 14 , 0
928, 38.23809523809524, 349.00568181818187 , 1.000719793904552 , 344.6190476190476 , 28 , 0
929, 37.476190476190474, 349.00568181818187 , 1.0000168048735174 , 344.6190476190476 , 27 , 0
930, 37.57142857142857, 349.00568181818187 , 0.9990699258530203 , 344.6190476190476 , 19 , 0
931, 37.857142857142854, 349.00568181818187 , 1.0023676053953556 , 344.6190476190476 , 18 , 0
932, 37.57142857142857, 349.00568181818187 , 0.9970578875747145 , 344.6190476190476 , 15 , 0
933, 37.76190476190476, 349.00568181818187 , 0.9911345898738886 , 345.0 , 23 , 0
934, 37.76190476190476, 349.00568181818187 , 0.9987960397838025 , 345.0 , 27 , 0
935, 37.857142857142854, 349.00568181818187 , 0.997147261890793 , 344.6666666666667 , 12 , 0
936, 38.095238095238095, 349.00568181818187 , 1.001108707781289 , 344.6666666666667 , 10 , 0
937, 38.23809523809524, 349.00568181818187 , 1.0066539920308333 , 344.6666666666667 , 17 , 0
938, 38.666666666666664, 349.00568181818187 , 1.0223808125644227 , 344.6666666666667 , 17 , 0
939, 38.904761904761905, 349.00568181818187 , 1.017580361443354 , 345.04761904761904 , 16 , 0
940, 38.333333333333336, 349.00568181818187 , 1.0247797982230804 , 345.04761904761904 , 16 , 0
941, 39.38095238095238, 349.00568181818187 , 1.0183069278976702 , 345.04761904761904 , 47 , 0
942, 39.285714285714285, 349.00568181818187 , 1.0147183203026864 , 345.04761904761904 , 11 , 0
943, 39.095238095238095, 349.00568181818187 , 1.0146530271201297 , 345.42857142857144 , 11 , 0
944, 39.095238095238095, 349.00568181818187 , 1.0146748374179968 , 345.42857142857144 , 14 , 0
945, 39.095238095238095, 349.00568181818187 , 1.0124472807093727 , 345.42857142857144 , 14 , 0
946, 38.666666666666664, 349.00568181818187 , 1.0115011421757047 , 345.8095238095238 , 17 , 0
947, 38.76190476190476, 349.00568181818187 , 1.0000105032349442 , 345.8095238095238 , 59 , 0
948, 38.76190476190476, 349.00568181818187 , 0.9996701389216268 , 345.8095238095238 , 21 , 0
949, 38.76190476190476, 349.00568181818187 , 1.0060238634483034 , 345.8095238095238 , 16 , 0
950, 38.857142857142854, 349.00568181818187 , 1.0056843890313567 , 345.8095238095238 , 15 , 0
951, 39.142857142857146, 349.00568181818187 , 1.0052106810878312 , 345.8095238095238 , 27 , 0
952, 39.04761904761905, 349.00568181818187 , 1.0123249799487188 , 345.8095238095238 , 24 , 0
953, 39.0, 349.00568181818187 , 1.0030167020203 , 345.8095238095238 , 10 , 0
954, 38.76190476190476, 349.00568181818187 , 0.9999315155480671 , 345.8095238095238 , 4 , 0
955, 38.42857142857143, 349.00568181818187 , 0.998546750792852 , 346.0 , 24 , 8
956, 38.61904761904762, 349.00568181818187 , 0.9981327521440745 , 345.6190476190476 , 21 , 0
957, 37.857142857142854, 349.00568181818187 , 1.0102549632709983 , 345.42857142857144 , 10 , 0
958, 37.714285714285715, 349.00568181818187 , 1.014123370533266 , 345.42857142857144 , 36 , 0
959, 37.95238095238095, 349.00568181818187 , 1.0212058913911843 , 345.42857142857144 , 17 , 0
960, 38.523809523809526, 349.00568181818187 , 1.0114553495555136 , 345.42857142857144 , 21 , 0
961, 38.476190476190474, 349.00568181818187 , 1.012497979489912 , 345.42857142857144 , 38 , 0
962, 38.142857142857146, 349.00568181818187 , 1.0029586183279418 , 345.42857142857144 , 43 , 0
963, 37.95238095238095, 349.00568181818187 , 1.0026143805597016 , 344.6666666666667 , 18 , 0
964, 37.666666666666664, 349.00568181818187 , 1.0030915120737436 , 344.6666666666667 , 3 , 0
965, 37.476190476190474, 349.00568181818187 , 0.9978755220104797 , 344.0 , 11 , 0
966, 37.19047619047619, 349.00568181818187 , 0.9979821130279282 , 344.2857142857143 , 17 , 0
967, 37.0, 349.00568181818187 , 0.9907346520868414 , 344.2857142857143 , 33 , 0
968, 37.476190476190474, 349.00568181818187 , 0.991286557713847 , 344.2857142857143 , 38 , 0
969, 37.76190476190476, 349.00568181818187 , 0.9892423178729127 , 344.2857142857143 , 16 , 0
970, 37.38095238095238, 349.00568181818187 , 0.9939993432238309 , 344.2857142857143 , 18 , 0
971, 37.80952380952381, 349.00568181818187 , 0.9969599572438625 , 345.8095238095238 , 24 , 0
972, 37.857142857142854, 349.00568181818187 , 0.9984128407627741 , 345.8095238095238 , 5 , 8
973, 38.23809523809524, 349.00568181818187 , 0.999473266744108 , 345.8095238095238 , 19 , 0
974, 38.38095238095238, 349.00568181818187 , 0.999092362301176 , 345.8095238095238 , 30 , 0
975, 38.38095238095238, 349.00568181818187 , 0.9980318536965833 , 345.8095238095238 , 15 , 7
976, 37.80952380952381, 349.00568181818187 , 1.0000546240330532 , 345.8095238095238 , 6 , 0
977, 38.0, 349.00568181818187 , 0.999776074878661 , 345.8095238095238 , 27 , 0
978, 38.0, 349.00568181818187 , 1.0103928650962266 , 345.8095238095238 , 7 , 0
979, 38.19047619047619, 349.00568181818187 , 1.0091192119334575 , 345.8095238095238 , 31 , 0
980, 38.666666666666664, 349.00568181818187 , 1.0129553549744972 , 345.8095238095238 , 6 , 0
981, 38.714285714285715, 349.00568181818187 , 1.0156421955801955 , 345.8095238095238 , 12 , 0
982, 38.80952380952381, 349.00568181818187 , 1.0116179862531998 , 345.8095238095238 , 41 , 0
983, 38.904761904761905, 349.00568181818187 , 1.0119647810690726 , 345.8095238095238 , 14 , 0
984, 38.95238095238095, 349.00568181818187 , 1.0118997814696047 , 345.8095238095238 , 33 , 0
985, 38.95238095238095, 349.00568181818187 , 1.0120435078549188 , 345.8095238095238 , 17 , 0
986, 38.857142857142854, 349.00568181818187 , 1.0103056278638152 , 345.8095238095238 , 16 , 0
987, 38.57142857142857, 349.00568181818187 , 1.0154709470129444 , 345.8095238095238 , 12 , 0
988, 38.19047619047619, 349.00568181818187 , 1.0188448795049507 , 345.8095238095238 , 10 , 0
989, 38.095238095238095, 349.00568181818187 , 1.0125537461308691 , 345.8095238095238 , 24 , 0
990, 37.80952380952381, 349.00568181818187 , 1.015576749183391 , 345.8095238095238 , 19 , 8
991, 37.666666666666664, 349.00568181818187 , 1.011984165212892 , 347.42857142857144 , 32 , 0
992, 37.666666666666664, 349.00568181818187 , 1.0196099965826517 , 347.42857142857144 , 17 , 0
993, 36.904761904761905, 349.00568181818187 , 1.021508501941098 , 347.42857142857144 , 8 , 0
994, 37.38095238095238, 349.00568181818187 , 1.019524510279795 , 347.42857142857144 , 26 , 0
995, 37.285714285714285, 349.00568181818187 , 1.0199948027063779 , 346.6190476190476 , 18 , 8
996, 37.23809523809524, 349.00568181818187 , 1.0196770723633972 , 345.3333333333333 , 19 , 0
997, 37.523809523809526, 349.00568181818187 , 1.013102181027404 , 345.57142857142856 , 32 , 0
998, 38.19047619047619, 349.00568181818187 , 1.0139539471754944 , 345.57142857142856 , 22 , 0
999, 38.19047619047619, 349.00568181818187 , 1.0168866742597142 , 346.14285714285717 , 23 , 0
1000, 38.285714285714285, 349.00568181818187 , 1.0239864100274427 , 346.14285714285717 , 13 , 0
