Tiempo,Demandas,Bloqueo,Entropia,MSI,BFR,LightPaths,Path Consecutiveness,Entr/uso,%uso,Probabilidad
1,10,0,0.571,2.381,0.0,10.0,231.548,0.0,0.008,0.001
2,3,0,0.762,3.619,0.002,13.0,227.889,0.0,0.011,0.001
3,3,0,1.048,5.476,0.004,16.0,209.535,0.016,0.015,0.001
4,3,0,1.238,8.476,0.008,19.0,197.564,0.089,0.021,0.001
5,4,0,1.667,10.429,0.009,23.0,174.61,0.214,0.026,0.0
6,7,0,2.238,15.952,0.015,29.0,152.671,0.463,0.039,0.0
7,5,0,2.524,19.952,0.021,34.0,139.654,0.743,0.046,0.0
8,5,0,2.952,24.0,0.033,38.0,126.593,0.971,0.05,0.0
9,5,0,3.524,31.857,0.054,42.0,104.632,1.333,0.06,0.0
10,3,0,3.81,35.381,0.063,45.0,101.712,1.551,0.064,0.0
11,6,0,3.571,36.524,0.06,51.0,110.847,1.548,0.07,0.0
12,9,0,3.857,41.905,0.066,59.0,91.504,2.006,0.082,0.0
13,4,0,4.0,43.905,0.065,63.0,87.704,2.249,0.089,0.0
14,4,0,4.095,45.238,0.065,67.0,86.572,2.327,0.092,0.0
15,3,0,4.19,45.714,0.062,70.0,80.517,2.492,0.096,0.0
16,8,0,4.905,52.905,0.085,77.0,66.807,3.202,0.103,0.0
17,4,0,5.286,61.0,0.109,81.0,59.937,4.007,0.112,0.0
18,4,0,5.571,63.238,0.109,85.0,57.018,4.45,0.119,0.0
19,7,0,6.095,68.81,0.119,91.0,46.845,5.935,0.13,0.0
20,8,0,6.667,73.381,0.128,98.0,41.462,6.867,0.138,0.0
21,3,0,6.952,75.857,0.141,98.0,42.285,7.047,0.138,0.0
22,3,0,7.238,77.952,0.152,98.0,40.231,7.5,0.138,0.0
23,3,0,7.429,80.286,0.159,101.0,38.771,8.132,0.142,0.0
24,3,0,7.429,80.571,0.156,104.0,38.153,8.121,0.145,0.0
25,5,0,7.714,87.857,0.177,108.0,35.096,8.683,0.156,0.0
26,6,0,7.524,89.19,0.176,113.0,34.394,8.664,0.161,0.0
27,8,0,8.286,97.667,0.199,119.0,30.425,10.009,0.174,0.0
28,6,0,8.476,100.857,0.201,125.0,28.651,11.189,0.183,0.0
29,3,0,8.476,102.048,0.204,127.0,27.867,11.828,0.186,0.0
30,3,0,8.381,102.667,0.202,130.0,27.821,11.835,0.189,0.0
31,5,0,9.048,103.143,0.208,130.0,25.182,12.641,0.187,0.0
32,8,0,9.429,110.571,0.238,137.0,22.916,12.968,0.195,0.0
33,3,0,9.905,115.476,0.256,139.0,21.297,14.105,0.2,0.0
34,4,0,10.286,120.19,0.277,143.0,20.156,15.064,0.204,0.0
35,6,0,10.857,126.571,0.303,148.0,18.76,16.517,0.214,0.001
36,3,0,10.857,127.048,0.3,151.0,18.322,17.119,0.218,0.001
37,9,0,11.429,127.048,0.284,157.0,17.499,19.515,0.228,0.001
38,0,0,11.619,127.048,0.291,154.0,17.553,19.256,0.224,0.001
39,6,0,12.19,127.714,0.293,157.0,17.363,20.08,0.225,0.001
40,2,0,12.095,128.571,0.293,159.0,17.326,20.237,0.229,0.001
41,2,0,12.095,128.571,0.292,161.0,17.132,20.268,0.229,0.001
42,3,0,12.19,128.571,0.294,162.0,17.295,20.489,0.228,0.001
43,7,0,12.095,124.667,0.258,168.0,17.069,20.886,0.234,0.001
44,7,0,12.19,127.81,0.27,173.0,17.473,21.722,0.24,0.001
45,4,0,12.571,130.81,0.292,175.0,16.705,22.749,0.238,0.001
46,8,0,12.81,133.476,0.298,180.0,15.898,23.003,0.245,0.001
47,3,0,13.095,133.714,0.296,179.0,15.087,23.598,0.247,0.001
48,10,0,13.571,141.619,0.326,187.0,13.293,24.972,0.261,0.002
49,8,0,14.524,151.381,0.38,192.0,11.127,29.284,0.27,0.003
50,2,0,15.095,151.381,0.391,190.0,11.022,29.681,0.264,0.003
51,7,0,15.19,152.095,0.382,196.0,10.613,30.794,0.272,0.003
52,4,0,15.19,152.238,0.387,198.0,10.625,31.327,0.271,0.003
53,6,0,15.667,153.476,0.391,202.0,10.069,33.2,0.275,0.004
54,2,0,15.571,154.048,0.393,203.0,10.066,33.022,0.276,0.004
55,5,0,16.048,157.381,0.421,204.0,9.866,33.095,0.277,0.005
56,6,0,16.048,158.429,0.418,209.0,9.621,33.645,0.282,0.005
57,5,0,16.476,161.143,0.434,212.0,9.318,34.613,0.286,0.006
58,5,0,16.952,162.952,0.436,215.0,8.766,37.508,0.294,0.008
59,7,0,17.238,164.476,0.44,218.0,8.571,39.04,0.297,0.009
60,8,0,17.619,167.143,0.451,224.0,8.289,39.614,0.302,0.011
61,1,0,17.81,168.762,0.473,221.0,8.382,39.327,0.297,0.011
62,6,0,17.619,168.952,0.464,225.0,8.101,39.566,0.302,0.011
63,6,0,17.524,169.381,0.463,228.0,8.041,39.565,0.306,0.011
64,5,0,18.0,171.667,0.475,231.0,7.784,41.255,0.312,0.014
65,3,0,18.0,171.667,0.473,230.0,7.762,41.645,0.313,0.014
66,7,0,18.095,173.048,0.482,235.0,7.7,42.039,0.314,0.015
67,3,0,18.381,175.048,0.496,235.0,7.569,43.496,0.315,0.016
68,6,0,19.238,181.524,0.526,238.0,7.197,45.01,0.319,0.022
69,6,0,19.714,189.0,0.572,242.0,6.565,48.355,0.328,0.028
70,5,0,20.19,191.905,0.583,244.0,6.128,50.107,0.333,0.035
71,8,0,20.571,193.0,0.586,252.0,5.722,52.003,0.343,0.044
72,8,0,20.857,199.238,0.614,257.0,5.475,53.629,0.348,0.051
73,5,0,20.571,200.524,0.634,257.0,5.507,53.313,0.347,0.046
74,6,0,20.667,202.143,0.647,258.0,5.414,53.682,0.349,0.049
75,7,0,20.524,204.476,0.653,262.0,5.321,53.511,0.354,0.05
76,5,0,20.429,204.476,0.645,264.0,4.988,54.675,0.358,0.051
77,5,0,20.429,204.476,0.638,266.0,4.903,54.488,0.36,0.052
78,5,0,20.905,204.524,0.646,268.0,4.808,55.127,0.357,0.058
79,3,0,20.905,205.667,0.641,268.0,4.749,54.761,0.361,0.061
80,3,0,20.81,206.762,0.641,271.0,4.711,55.419,0.364,0.062
81,2,0,20.476,206.762,0.633,269.0,4.886,53.839,0.357,0.051
82,3,0,20.952,208.429,0.652,269.0,4.809,54.133,0.355,0.057
83,8,0,20.762,210.667,0.669,275.0,4.75,54.792,0.361,0.058
84,2,0,20.762,210.952,0.672,275.0,4.745,54.575,0.361,0.058
85,6,0,20.667,212.571,0.67,279.0,4.531,55.844,0.37,0.064
86,5,0,20.857,217.095,0.656,282.0,4.38,57.69,0.376,0.073
87,5,0,21.429,218.571,0.669,281.0,3.971,61.142,0.382,0.091
88,4,0,21.524,220.0,0.663,284.0,3.799,62.512,0.391,0.106
89,9,0,22.524,225.857,0.67,291.0,3.473,67.238,0.401,0.157
90,5,0,23.0,225.619,0.684,292.0,3.416,67.904,0.402,0.179
91,3,0,23.524,225.905,0.692,290.0,3.428,68.593,0.399,0.197
92,5,1,23.619,225.905,0.687,289.0,3.47,67.456,0.401,0.206
93,5,1,24.048,226.048,0.683,286.0,3.389,68.718,0.397,0.219
94,5,0,24.524,226.381,0.688,288.0,3.478,68.4,0.399,0.252
95,5,0,24.905,226.381,0.687,290.0,3.326,69.646,0.404,0.29
96,1,0,25.0,226.381,0.691,287.0,3.519,68.075,0.401,0.287
97,5,0,25.19,228.0,0.72,289.0,3.613,68.163,0.403,0.305
98,3,0,25.952,230.952,0.732,288.0,3.47,70.635,0.406,0.367
99,5,0,26.048,231.095,0.733,290.0,3.442,70.743,0.407,0.378
100,5,1,26.143,231.095,0.733,292.0,3.325,70.908,0.412,0.402
101,4,1,26.714,231.095,0.753,291.0,3.168,72.99,0.411,0.44
102,7,0,26.905,234.619,0.735,295.0,2.94,75.66,0.416,0.472
103,4,0,27.095,234.619,0.743,293.0,3.104,74.33,0.413,0.476
104,4,1,27.762,234.619,0.758,291.0,3.06,76.589,0.411,0.52
105,5,1,27.952,235.429,0.776,291.0,2.883,78.189,0.414,0.544
106,4,2,28.048,235.286,0.773,287.0,2.918,78.018,0.408,0.529
107,2,0,27.857,233.19,0.775,285.0,2.898,78.004,0.404,0.499
108,8,0,27.857,233.19,0.776,289.0,2.803,79.045,0.409,0.518
109,2,0,28.19,235.762,0.775,286.0,2.82,78.888,0.407,0.538
110,3,0,28.429,235.762,0.769,285.0,2.92,79.32,0.404,0.547
111,5,0,29.19,235.762,0.775,286.0,2.674,83.431,0.407,0.611
112,6,0,28.81,235.762,0.773,290.0,2.609,84.733,0.412,0.603
113,7,0,28.571,235.762,0.772,292.0,2.882,80.939,0.403,0.552
114,2,0,28.0,235.762,0.774,288.0,3.025,79.438,0.399,0.495
115,5,0,28.095,235.762,0.775,288.0,3.169,79.449,0.397,0.496
116,6,1,27.905,235.762,0.781,289.0,3.112,78.469,0.399,0.487
117,4,0,27.81,235.762,0.768,289.0,3.167,77.312,0.392,0.456
118,2,0,27.81,235.762,0.769,286.0,3.35,75.223,0.388,0.44
119,8,1,27.905,235.762,0.762,291.0,3.097,76.255,0.397,0.481
120,4,0,28.0,235.762,0.763,292.0,3.129,75.534,0.396,0.485
121,4,0,28.095,235.762,0.765,291.0,3.205,75.021,0.39,0.47
122,9,1,27.81,236.095,0.759,296.0,2.911,77.661,0.401,0.484
123,5,0,28.286,236.095,0.761,296.0,2.851,78.415,0.403,0.531
124,6,0,28.19,236.095,0.763,297.0,2.975,76.073,0.403,0.523
125,4,0,28.19,236.095,0.774,297.0,3.084,76.348,0.399,0.51
126,5,0,28.095,236.095,0.761,301.0,2.946,78.303,0.401,0.51
127,4,0,28.095,236.095,0.759,303.0,2.982,78.091,0.401,0.508
128,9,1,28.381,236.095,0.776,306.0,2.773,80.716,0.41,0.564
129,8,2,28.667,236.095,0.778,308.0,2.809,79.986,0.411,0.588
130,5,0,28.762,236.095,0.776,310.0,2.686,80.197,0.415,0.608
131,6,1,28.857,236.095,0.792,314.0,2.615,80.658,0.421,0.636
132,7,1,28.667,236.095,0.791,317.0,2.522,81.443,0.428,0.644
133,6,2,28.762,236.095,0.789,319.0,2.507,81.647,0.43,0.657
134,5,0,29.333,236.095,0.783,318.0,2.393,85.548,0.429,0.693
135,6,0,29.429,236.095,0.784,323.0,2.204,87.636,0.436,0.721
136,5,0,30.095,236.095,0.786,323.0,2.264,88.108,0.433,0.751
137,4,2,30.095,236.095,0.786,322.0,2.295,87.244,0.433,0.752
138,5,0,30.381,236.095,0.788,325.0,2.275,88.232,0.432,0.765
139,8,2,29.905,236.095,0.784,330.0,2.212,88.08,0.436,0.748
140,7,1,30.286,236.095,0.793,331.0,2.156,89.132,0.433,0.762
141,8,2,30.19,236.095,0.794,335.0,2.232,88.468,0.437,0.767
142,5,1,30.095,236.667,0.8,336.0,2.101,89.102,0.44,0.769
143,11,2,30.667,236.667,0.805,335.0,2.101,90.031,0.438,0.794
144,7,2,30.952,236.667,0.804,338.0,2.008,91.529,0.442,0.818
145,5,2,30.762,236.667,0.802,336.0,1.976,92.281,0.442,0.809
146,7,1,30.476,236.667,0.798,338.0,1.909,92.149,0.442,0.793
147,6,3,30.762,236.667,0.8,339.0,1.877,92.822,0.442,0.808
148,5,2,31.048,236.667,0.796,338.0,1.859,93.576,0.442,0.821
149,5,1,30.667,236.0,0.786,337.0,1.975,91.762,0.439,0.796
150,8,1,31.143,235.286,0.795,340.0,1.882,93.24,0.439,0.819
151,2,0,32.095,235.286,0.795,337.0,1.81,96.185,0.438,0.858
152,11,2,32.095,236.0,0.799,342.0,1.645,97.183,0.445,0.869
153,2,0,32.0,236.0,0.796,340.0,1.653,97.124,0.443,0.862
154,2,0,32.0,236.0,0.797,338.0,1.705,95.406,0.438,0.853
155,4,1,32.476,235.429,0.794,337.0,1.68,96.382,0.435,0.866
156,4,0,32.476,234.714,0.793,339.0,1.659,96.872,0.436,0.867
157,8,3,32.0,235.381,0.804,336.0,1.74,95.538,0.436,0.85
158,4,2,31.952,235.952,0.801,336.0,1.702,96.436,0.439,0.852
159,5,1,31.762,236.286,0.803,337.0,1.721,96.241,0.437,0.842
160,4,1,32.429,236.286,0.805,333.0,1.739,97.009,0.432,0.859
161,5,1,32.905,236.286,0.801,328.0,1.806,96.123,0.424,0.863
162,1,0,33.381,235.714,0.799,323.0,1.871,96.042,0.419,0.872
163,3,0,33.095,234.238,0.808,320.0,1.975,92.385,0.414,0.852
164,4,0,33.286,234.238,0.807,318.0,1.994,93.066,0.413,0.858
165,4,0,33.571,234.238,0.8,319.0,2.021,92.89,0.415,0.871
166,4,0,33.095,234.238,0.81,317.0,2.088,91.337,0.409,0.844
167,2,0,33.095,233.524,0.814,315.0,2.279,87.317,0.404,0.834
168,4,1,33.095,233.524,0.814,314.0,2.289,88.689,0.401,0.829
169,5,0,32.619,233.524,0.812,317.0,2.317,87.082,0.403,0.812
170,5,0,32.714,233.524,0.811,322.0,2.227,88.102,0.411,0.831
171,2,0,32.619,233.524,0.807,320.0,2.263,87.245,0.408,0.822
172,3,1,32.905,233.333,0.811,316.0,2.358,86.848,0.403,0.825
173,8,1,32.762,234.095,0.816,315.0,2.442,86.601,0.399,0.808
174,3,0,33.143,234.095,0.817,315.0,2.421,87.617,0.398,0.825
175,5,0,33.333,234.762,0.816,319.0,2.358,89.29,0.403,0.843
176,2,0,33.333,234.81,0.812,315.0,2.475,88.467,0.395,0.828
177,5,0,33.81,235.0,0.816,311.0,2.489,89.745,0.391,0.839
178,6,1,33.571,234.667,0.81,309.0,2.548,88.346,0.387,0.821
179,6,1,33.19,234.762,0.808,309.0,2.589,87.21,0.382,0.791
180,2,0,33.0,234.762,0.81,303.0,2.715,85.02,0.376,0.766
181,5,0,32.619,234.762,0.792,302.0,2.74,84.571,0.376,0.744
182,7,0,32.429,234.762,0.796,305.0,2.753,84.583,0.38,0.745
183,2,0,32.476,234.762,0.799,303.0,2.846,83.518,0.375,0.732
184,10,0,32.857,234.762,0.8,311.0,2.648,87.746,0.382,0.774
185,8,0,33.143,235.905,0.799,317.0,2.406,92.677,0.387,0.801
186,2,0,32.857,235.905,0.786,315.0,2.447,90.782,0.382,0.773
187,7,0,32.857,235.905,0.782,319.0,2.345,91.496,0.389,0.791
188,5,0,32.762,235.905,0.784,321.0,2.333,91.888,0.391,0.789
189,3,0,32.952,235.905,0.786,318.0,2.343,92.023,0.39,0.797
190,8,2,33.429,236.048,0.79,321.0,2.187,96.075,0.395,0.831
191,1,0,33.238,236.048,0.789,322.0,2.183,95.747,0.397,0.824
192,6,0,33.048,236.048,0.781,324.0,2.116,95.915,0.403,0.829
193,6,1,32.667,236.048,0.787,328.0,2.082,95.401,0.409,0.825
194,7,1,32.476,236.048,0.783,332.0,1.983,97.452,0.415,0.828
195,8,3,32.381,236.048,0.786,329.0,1.981,96.411,0.414,0.822
196,5,1,32.524,236.048,0.792,327.0,2.036,95.796,0.411,0.823
197,2,1,32.429,236.048,0.796,326.0,2.078,93.95,0.411,0.818
198,7,1,32.095,236.048,0.794,325.0,2.196,91.09,0.405,0.789
199,4,0,32.048,236.095,0.792,327.0,2.153,91.086,0.408,0.793
200,2,1,32.143,236.095,0.793,328.0,2.134,91.877,0.411,0.805
201,2,0,32.619,236.095,0.8,327.0,2.072,93.404,0.413,0.831
202,5,0,32.524,236.095,0.798,328.0,2.136,92.629,0.409,0.818
203,4,1,32.714,236.095,0.799,330.0,2.097,93.151,0.411,0.83
204,5,1,32.81,236.095,0.803,331.0,2.055,94.415,0.414,0.841
205,6,2,32.429,236.095,0.796,333.0,2.058,92.582,0.414,0.824
206,5,0,32.714,236.095,0.795,330.0,2.176,91.185,0.405,0.82
207,4,0,33.0,236.095,0.793,331.0,2.069,93.693,0.409,0.84
208,4,0,32.619,236.095,0.787,333.0,2.06,93.916,0.412,0.828
209,3,0,32.714,236.095,0.786,335.0,2.029,94.965,0.414,0.838
210,12,1,33.476,236.571,0.788,342.0,1.905,98.423,0.421,0.878
211,6,0,33.667,238.19,0.792,342.0,1.994,99.444,0.416,0.877
212,3,0,33.429,238.19,0.787,341.0,2.044,98.596,0.412,0.862
213,5,0,33.81,238.19,0.786,345.0,1.996,99.502,0.414,0.878
214,1,0,33.857,238.19,0.773,339.0,2.083,100.153,0.408,0.87
215,1,0,33.476,238.19,0.769,331.0,2.271,97.143,0.398,0.838
216,2,0,33.381,238.19,0.767,331.0,2.293,96.437,0.398,0.834
217,5,0,33.095,238.19,0.777,329.0,2.364,93.967,0.392,0.809
218,4,0,32.714,238.19,0.77,328.0,2.395,92.933,0.392,0.789
219,7,1,32.905,238.19,0.774,327.0,2.396,95.102,0.392,0.8
220,4,0,33.0,238.19,0.772,330.0,2.343,95.617,0.395,0.811
221,6,0,33.476,238.19,0.776,333.0,2.253,98.314,0.401,0.845
222,5,1,33.524,238.19,0.775,335.0,2.233,98.628,0.403,0.851
223,3,0,33.286,238.19,0.773,327.0,2.38,95.308,0.393,0.82
224,5,2,32.905,238.19,0.78,319.0,2.718,89.494,0.384,0.782
225,7,0,32.619,238.19,0.782,322.0,2.683,88.951,0.387,0.774
226,10,1,32.429,238.19,0.779,327.0,2.648,89.138,0.391,0.773
227,5,0,32.571,238.19,0.778,331.0,2.554,89.827,0.396,0.792
228,5,1,32.524,238.19,0.793,330.0,2.541,89.415,0.399,0.798
229,4,1,32.19,238.19,0.789,331.0,2.486,88.838,0.403,0.791
230,4,1,32.19,238.19,0.797,328.0,2.462,89.071,0.401,0.785
231,2,1,32.048,237.952,0.796,324.0,2.498,89.088,0.397,0.767
232,3,0,32.238,237.952,0.797,323.0,2.575,89.678,0.394,0.771
233,6,0,32.095,237.952,0.789,325.0,2.558,88.516,0.396,0.767
234,2,0,31.905,237.333,0.788,325.0,2.543,87.65,0.397,0.759
235,1,0,32.095,237.333,0.787,322.0,2.575,87.757,0.394,0.763
236,1,1,32.19,237.333,0.787,317.0,2.785,85.186,0.388,0.753
237,5,0,32.19,237.333,0.781,317.0,2.639,86.022,0.392,0.762
238,3,1,32.381,237.333,0.779,313.0,2.741,85.107,0.387,0.76
239,3,0,32.048,237.333,0.78,312.0,2.615,85.707,0.389,0.746
240,4,0,32.429,237.333,0.779,315.0,2.569,87.243,0.39,0.771
241,6,0,31.667,237.333,0.779,318.0,2.509,87.699,0.392,0.731
242,8,1,31.143,237.333,0.777,320.0,2.6,84.533,0.392,0.699
243,4,1,31.619,237.333,0.776,319.0,2.657,85.92,0.386,0.71
244,8,1,31.714,237.333,0.775,322.0,2.464,88.503,0.394,0.738
245,3,0,31.714,237.333,0.772,319.0,2.556,87.025,0.388,0.724
246,6,1,31.762,237.333,0.771,318.0,2.575,87.28,0.387,0.722
247,10,0,31.571,237.333,0.771,328.0,2.461,89.743,0.398,0.743
248,7,0,31.571,237.333,0.771,333.0,2.37,90.43,0.402,0.753
249,7,0,31.476,237.333,0.769,336.0,2.361,90.223,0.403,0.75
250,6,0,31.571,237.333,0.771,338.0,2.312,90.289,0.406,0.763
251,5,1,31.476,237.095,0.783,338.0,2.27,91.262,0.408,0.762
252,5,1,31.571,237.095,0.787,339.0,2.208,92.166,0.411,0.776
253,4,2,31.619,237.095,0.789,336.0,2.202,91.634,0.408,0.77
254,3,1,31.762,237.0,0.79,336.0,2.157,92.175,0.409,0.78
255,7,1,31.571,237.0,0.806,341.0,2.028,93.517,0.415,0.786
256,6,0,31.143,237.0,0.8,339.0,2.186,91.769,0.409,0.747
257,3,0,30.952,237.0,0.799,337.0,2.15,92.495,0.409,0.734
258,3,1,31.143,237.0,0.801,336.0,2.181,92.112,0.408,0.745
259,2,0,31.238,237.0,0.8,335.0,2.186,92.655,0.409,0.753
260,3,0,31.333,237.0,0.803,333.0,2.261,92.623,0.405,0.748
261,7,0,31.81,237.0,0.811,335.0,2.111,95.717,0.41,0.786
262,3,0,31.714,237.0,0.805,335.0,2.166,93.565,0.406,0.771
263,8,1,31.905,237.0,0.806,337.0,2.062,94.976,0.413,0.798
264,3,0,31.81,237.0,0.805,340.0,2.01,95.228,0.417,0.802
265,2,1,32.286,235.476,0.818,335.0,2.073,95.453,0.409,0.807
266,5,2,32.619,236.429,0.814,333.0,1.981,97.976,0.414,0.832
267,5,1,32.667,237.619,0.816,333.0,1.98,98.195,0.415,0.837
268,7,2,32.667,237.619,0.815,332.0,1.974,97.654,0.415,0.837
269,4,2,32.333,238.048,0.794,326.0,2.134,94.944,0.407,0.806
270,3,2,32.333,238.048,0.782,322.0,2.257,93.999,0.402,0.794
271,5,2,32.619,238.048,0.785,319.0,2.246,95.689,0.401,0.806
272,3,0,32.333,238.048,0.782,317.0,2.322,92.993,0.399,0.786
273,9,1,32.667,238.048,0.784,317.0,2.294,94.331,0.398,0.802
274,5,0,32.667,238.048,0.793,319.0,2.158,96.294,0.406,0.82
275,4,1,33.143,237.81,0.799,316.0,2.201,96.311,0.401,0.829
276,3,1,33.048,237.81,0.801,316.0,2.218,96.34,0.401,0.825
277,7,0,32.381,237.81,0.786,321.0,2.208,95.819,0.403,0.799
278,6,1,32.952,237.857,0.789,322.0,2.216,95.117,0.4,0.818
279,6,2,32.762,237.857,0.794,325.0,2.123,96.729,0.406,0.824
280,5,0,32.81,238.0,0.792,327.0,2.064,96.87,0.408,0.83
281,5,0,32.667,238.0,0.795,325.0,2.067,95.172,0.409,0.825
282,6,1,32.952,238.0,0.792,328.0,1.966,96.853,0.415,0.85
283,0,0,32.81,238.0,0.786,320.0,2.05,95.307,0.408,0.829
284,2,0,32.619,238.0,0.788,315.0,2.201,92.17,0.401,0.805
285,5,0,33.286,238.0,0.784,311.0,2.339,92.085,0.387,0.807
286,7,0,33.667,238.0,0.8,315.0,2.12,95.848,0.398,0.845
287,7,0,34.048,238.0,0.8,319.0,1.968,99.013,0.404,0.871
288,4,0,34.333,238.0,0.802,319.0,1.984,97.664,0.402,0.877
289,6,2,34.667,237.905,0.811,316.0,1.923,100.52,0.401,0.887
290,8,1,34.762,237.905,0.817,317.0,1.92,99.863,0.402,0.89
291,3,0,34.286,237.905,0.81,314.0,1.964,98.675,0.401,0.874
292,6,0,34.143,237.905,0.814,315.0,2.04,97.013,0.398,0.863
293,3,1,33.857,237.905,0.81,314.0,2.163,94.62,0.395,0.849
294,0,0,33.667,237.905,0.809,309.0,2.253,93.286,0.389,0.829
295,5,2,33.857,237.905,0.806,309.0,2.276,94.038,0.388,0.834
296,4,0,34.048,237.905,0.815,312.0,2.165,95.108,0.394,0.854
297,8,0,34.429,237.905,0.819,315.0,2.067,96.039,0.398,0.873
298,4,0,34.286,237.905,0.819,315.0,2.149,94.207,0.39,0.856
299,4,0,34.381,237.905,0.831,311.0,2.161,93.973,0.393,0.864
300,8,0,33.905,237.905,0.816,314.0,2.168,94.94,0.394,0.847
301,5,2,34.095,237.905,0.814,310.0,2.283,93.904,0.385,0.838
302,6,1,33.952,237.905,0.81,313.0,2.173,95.888,0.39,0.843
303,3,0,34.286,237.905,0.811,313.0,2.234,94.539,0.389,0.853
304,4,0,34.095,237.905,0.8,314.0,2.346,92.637,0.387,0.843
305,6,0,34.19,237.619,0.803,318.0,2.232,93.141,0.392,0.856
306,3,0,34.19,237.619,0.803,321.0,2.172,93.921,0.397,0.864
307,4,1,34.571,237.619,0.808,322.0,2.139,96.325,0.399,0.881
308,2,0,34.381,237.619,0.798,316.0,2.434,91.576,0.388,0.856
309,5,0,34.286,237.619,0.794,319.0,2.408,91.38,0.39,0.856
310,2,0,34.0,237.619,0.79,319.0,2.493,90.788,0.388,0.841
311,6,1,33.714,237.619,0.788,323.0,2.456,90.124,0.391,0.835
312,3,1,33.81,237.619,0.785,323.0,2.381,92.635,0.394,0.844
313,7,2,33.619,236.19,0.795,324.0,2.314,93.707,0.397,0.843
314,6,0,33.238,236.381,0.793,328.0,2.361,92.058,0.396,0.824
315,7,1,33.333,236.381,0.801,328.0,2.223,93.33,0.401,0.838
316,6,0,33.714,236.381,0.806,331.0,2.129,94.484,0.405,0.861
317,4,0,33.714,236.381,0.806,331.0,2.096,95.164,0.404,0.858
318,6,0,33.714,237.429,0.806,333.0,2.053,95.772,0.408,0.865
319,3,0,33.619,237.429,0.804,334.0,2.078,96.121,0.405,0.857
320,2,0,33.81,237.429,0.806,332.0,2.154,95.091,0.4,0.855
321,2,1,33.905,237.429,0.798,327.0,2.273,93.904,0.392,0.845
322,8,0,33.619,237.429,0.8,332.0,2.23,94.512,0.396,0.84
323,6,0,33.619,237.524,0.799,334.0,2.124,94.534,0.401,0.85
324,3,0,33.714,237.524,0.8,331.0,2.252,95.181,0.396,0.845
325,4,0,33.524,237.524,0.801,331.0,2.244,94.652,0.397,0.839
326,9,1,33.714,237.524,0.8,339.0,2.057,98.634,0.407,0.863
327,5,0,33.143,237.048,0.801,342.0,2.049,97.183,0.409,0.845
328,4,0,33.238,237.048,0.796,343.0,1.961,100.418,0.413,0.856
329,5,1,33.524,237.048,0.798,344.0,1.916,101.065,0.415,0.87
330,6,2,33.714,237.048,0.805,345.0,1.876,102.905,0.418,0.881
331,4,1,33.714,237.048,0.804,346.0,1.858,103.166,0.419,0.882
332,4,0,33.619,237.048,0.805,344.0,1.923,102.99,0.415,0.873
333,3,1,33.714,237.048,0.806,341.0,1.976,102.631,0.413,0.873
334,6,0,33.714,237.048,0.811,345.0,1.863,106.41,0.42,0.884
335,12,1,33.952,237.048,0.814,350.0,1.813,107.408,0.425,0.899
336,5,0,33.762,235.905,0.817,352.0,1.859,104.908,0.422,0.889
337,6,2,33.857,235.905,0.815,354.0,1.826,105.128,0.424,0.894
338,11,2,33.667,236.857,0.822,354.0,1.919,102.439,0.422,0.886
339,4,1,34.048,236.857,0.819,352.0,1.962,101.423,0.42,0.894
340,4,0,34.0,236.0,0.822,351.0,1.935,100.889,0.418,0.89
341,6,2,34.19,236.0,0.818,349.0,1.969,100.29,0.413,0.889
342,7,0,34.095,236.0,0.813,350.0,1.941,99.228,0.412,0.885
343,2,1,34.143,236.0,0.81,347.0,1.922,98.873,0.409,0.882
344,6,0,33.81,236.0,0.8,348.0,1.907,98.869,0.412,0.875
345,7,0,34.0,236.714,0.807,353.0,1.707,103.472,0.424,0.897
346,6,0,34.095,236.714,0.808,356.0,1.693,102.14,0.426,0.903
347,5,0,33.381,236.238,0.807,358.0,1.759,100.888,0.427,0.883
348,7,0,33.238,237.286,0.806,357.0,1.814,98.156,0.422,0.872
349,7,1,33.333,237.286,0.797,358.0,1.819,98.323,0.428,0.884
350,5,1,33.0,237.286,0.789,357.0,1.889,96.556,0.425,0.868
351,3,0,32.857,237.286,0.787,356.0,1.875,96.775,0.426,0.864
352,4,0,32.952,237.286,0.796,357.0,1.845,97.273,0.426,0.868
353,2,0,33.476,237.286,0.797,354.0,1.88,97.41,0.422,0.879
354,3,0,33.333,237.286,0.796,351.0,1.912,96.456,0.42,0.871
355,6,0,32.952,236.667,0.795,356.0,1.867,95.818,0.424,0.864
356,6,0,32.571,236.619,0.798,355.0,1.941,93.587,0.422,0.848
357,7,2,32.857,236.286,0.8,354.0,1.857,94.584,0.426,0.865
358,6,0,32.905,236.381,0.803,351.0,1.943,94.465,0.417,0.851
359,10,0,33.429,235.762,0.807,353.0,1.803,96.22,0.425,0.882
360,4,0,34.0,235.762,0.811,350.0,1.812,96.735,0.421,0.894
361,2,0,33.714,235.762,0.81,350.0,1.846,95.579,0.421,0.886
362,9,0,33.762,235.952,0.805,357.0,1.777,97.909,0.428,0.897
363,5,0,34.19,235.952,0.808,360.0,1.719,99.805,0.432,0.914
364,2,0,34.095,235.952,0.811,359.0,1.691,99.743,0.435,0.915
365,6,3,34.0,235.952,0.808,361.0,1.682,99.553,0.439,0.917
366,6,2,33.905,235.952,0.8,360.0,1.695,98.422,0.438,0.913
367,9,1,33.81,235.952,0.809,361.0,1.689,98.243,0.439,0.912
368,11,4,34.143,235.952,0.815,362.0,1.724,98.123,0.437,0.917
369,5,3,34.238,236.476,0.815,362.0,1.717,97.903,0.437,0.92
370,4,1,34.143,236.476,0.815,362.0,1.729,97.269,0.437,0.917
371,4,1,34.095,236.476,0.815,363.0,1.707,98.248,0.437,0.917
372,4,4,34.476,236.476,0.815,360.0,1.73,98.213,0.434,0.922
373,8,1,34.667,237.952,0.815,365.0,1.666,100.924,0.441,0.933
374,8,1,34.571,238.095,0.815,371.0,1.579,102.338,0.446,0.936
375,4,2,34.762,238.095,0.81,364.0,1.716,101.009,0.436,0.93
376,6,0,34.81,238.857,0.811,366.0,1.636,104.159,0.44,0.935
377,6,0,34.619,238.857,0.796,369.0,1.706,103.572,0.441,0.932
378,6,1,33.952,238.857,0.794,372.0,1.697,102.955,0.444,0.921
379,3,0,33.762,238.857,0.795,372.0,1.702,102.504,0.443,0.916
380,5,1,34.048,238.857,0.796,373.0,1.642,104.728,0.445,0.925
381,6,2,34.333,238.857,0.802,373.0,1.641,104.268,0.445,0.93
382,9,2,34.381,238.857,0.809,373.0,1.67,102.995,0.442,0.929
383,5,0,34.286,238.857,0.806,374.0,1.607,104.206,0.446,0.93
384,7,0,33.81,238.857,0.813,376.0,1.58,103.983,0.449,0.923
385,5,2,34.0,238.714,0.812,372.0,1.632,103.557,0.444,0.922
386,3,2,34.095,238.714,0.813,369.0,1.667,103.982,0.44,0.919
387,3,0,33.905,238.714,0.813,369.0,1.673,103.31,0.44,0.915
388,3,0,33.333,238.714,0.814,368.0,1.702,102.399,0.437,0.897
389,8,1,33.143,238.714,0.808,375.0,1.536,104.253,0.448,0.906
390,6,0,33.333,238.714,0.817,375.0,1.546,106.004,0.446,0.908
391,8,3,33.238,238.048,0.822,376.0,1.48,105.088,0.45,0.91
392,3,1,33.429,237.619,0.826,373.0,1.508,104.801,0.445,0.91
393,6,1,33.048,237.619,0.826,375.0,1.572,102.535,0.445,0.899
394,2,0,33.143,237.619,0.824,370.0,1.581,103.333,0.444,0.9
395,3,0,33.19,237.619,0.822,369.0,1.549,103.856,0.443,0.9
396,3,0,33.238,237.619,0.818,369.0,1.538,103.809,0.442,0.9
397,11,4,33.095,237.619,0.819,371.0,1.539,103.731,0.441,0.894
398,2,1,33.762,237.619,0.82,364.0,1.578,103.636,0.434,0.904
399,5,2,34.238,237.619,0.82,361.0,1.569,104.412,0.432,0.914
400,5,1,34.429,237.619,0.821,359.0,1.634,103.784,0.427,0.913
401,4,0,34.619,237.619,0.821,360.0,1.61,106.264,0.429,0.919
402,9,1,34.81,237.619,0.817,363.0,1.632,105.556,0.43,0.925
403,3,1,35.0,237.619,0.822,360.0,1.62,107.261,0.427,0.926
404,3,1,35.095,237.81,0.821,356.0,1.665,107.812,0.424,0.925
405,2,0,35.286,237.81,0.824,355.0,1.7,106.655,0.42,0.926
406,6,0,34.762,237.81,0.832,354.0,1.707,106.42,0.422,0.915
407,2,1,35.095,237.81,0.835,353.0,1.712,106.309,0.421,0.922
408,9,2,35.333,237.81,0.836,358.0,1.648,108.906,0.423,0.929
409,5,0,35.524,237.81,0.828,357.0,1.688,108.716,0.42,0.93
410,6,1,35.714,237.81,0.829,357.0,1.625,109.517,0.422,0.935
411,5,0,35.19,237.81,0.828,356.0,1.607,107.64,0.423,0.926
412,6,1,35.286,237.81,0.822,356.0,1.605,106.344,0.424,0.929
413,6,0,34.81,237.81,0.827,361.0,1.529,106.882,0.43,0.925
414,4,0,34.81,237.81,0.826,361.0,1.528,108.018,0.432,0.926
415,3,1,35.095,237.81,0.83,360.0,1.572,107.575,0.426,0.927
416,7,3,35.286,237.81,0.832,361.0,1.589,108.465,0.424,0.929
417,3,1,35.286,237.81,0.831,359.0,1.578,108.389,0.425,0.93
418,4,1,35.286,237.81,0.832,355.0,1.595,108.117,0.424,0.929
419,0,0,35.0,237.667,0.828,350.0,1.628,107.496,0.422,0.921
420,6,1,34.905,237.667,0.83,354.0,1.598,107.252,0.425,0.922
421,5,1,34.952,237.667,0.828,354.0,1.572,107.9,0.425,0.923
422,6,2,34.762,238.095,0.827,357.0,1.555,108.556,0.428,0.922
423,5,1,34.857,238.095,0.828,356.0,1.556,109.163,0.427,0.923
424,2,1,34.952,238.095,0.831,352.0,1.648,107.945,0.42,0.918
425,4,0,35.0,238.095,0.83,351.0,1.637,108.277,0.42,0.918
426,7,0,34.905,238.095,0.831,357.0,1.523,109.757,0.429,0.926
427,8,2,35.762,238.095,0.829,355.0,1.565,111.048,0.422,0.936
428,3,0,35.619,238.095,0.827,351.0,1.613,109.249,0.416,0.928
429,3,0,35.81,238.095,0.83,350.0,1.656,108.419,0.416,0.932
430,3,2,36.0,238.095,0.831,350.0,1.629,109.071,0.416,0.936
431,3,1,35.762,238.095,0.817,347.0,1.722,106.272,0.41,0.925
432,3,0,35.857,238.095,0.815,346.0,1.709,106.41,0.412,0.929
433,0,0,36.143,238.095,0.814,343.0,1.761,106.817,0.407,0.93
434,9,1,36.143,238.095,0.818,349.0,1.674,109.23,0.415,0.938
435,6,0,36.333,238.095,0.816,352.0,1.638,110.703,0.418,0.944
436,5,0,35.857,238.095,0.822,353.0,1.645,110.445,0.417,0.934
437,7,1,36.143,238.238,0.819,353.0,1.592,111.795,0.421,0.942
438,10,0,36.429,238.238,0.821,361.0,1.39,114.714,0.436,0.957
439,3,0,36.905,238.238,0.82,359.0,1.414,115.099,0.432,0.961
440,3,0,36.905,238.048,0.818,355.0,1.486,113.099,0.427,0.958
441,6,1,36.81,238.048,0.822,356.0,1.476,114.202,0.429,0.957
442,2,1,36.714,238.048,0.819,353.0,1.44,115.286,0.429,0.957
443,4,2,36.619,238.048,0.817,352.0,1.461,114.77,0.427,0.954
444,5,0,36.333,237.81,0.815,354.0,1.462,115.113,0.427,0.95
445,2,1,36.333,237.81,0.817,347.0,1.615,112.763,0.418,0.943
446,2,0,36.143,237.81,0.819,345.0,1.633,111.129,0.418,0.94
447,5,0,36.048,237.81,0.812,344.0,1.708,109.649,0.417,0.937
448,4,0,35.952,237.81,0.809,347.0,1.677,110.395,0.42,0.938
449,6,2,36.619,237.81,0.804,348.0,1.555,113.32,0.425,0.952
450,6,1,37.0,237.81,0.799,350.0,1.48,115.776,0.43,0.961
451,7,6,37.095,237.81,0.803,350.0,1.463,116.044,0.431,0.962
452,4,2,37.0,238.095,0.8,349.0,1.483,116.06,0.43,0.96
453,7,2,37.286,238.095,0.803,349.0,1.427,119.596,0.432,0.965
454,4,1,37.571,238.095,0.802,350.0,1.398,121.141,0.433,0.968
455,13,4,37.095,238.095,0.799,355.0,1.374,120.244,0.437,0.965
456,3,0,37.095,238.095,0.801,356.0,1.383,120.798,0.435,0.964
457,2,0,37.0,238.095,0.803,355.0,1.426,118.076,0.432,0.962
458,4,0,36.905,238.095,0.796,356.0,1.429,116.881,0.434,0.962
459,4,1,37.286,237.952,0.797,354.0,1.428,116.666,0.434,0.966
460,6,1,36.905,237.952,0.79,354.0,1.475,115.732,0.431,0.96
461,5,1,36.905,237.857,0.797,352.0,1.504,116.752,0.429,0.959
462,8,0,36.81,237.857,0.81,355.0,1.485,117.491,0.429,0.958
463,8,5,36.238,237.857,0.798,353.0,1.499,114.819,0.429,0.95
464,3,0,35.857,237.857,0.8,350.0,1.543,113.104,0.426,0.942
465,7,3,35.714,237.857,0.799,351.0,1.513,114.594,0.427,0.94
466,7,4,35.905,237.857,0.803,349.0,1.526,115.453,0.426,0.942
467,5,0,35.095,236.095,0.799,350.0,1.569,111.451,0.425,0.926
468,6,1,35.714,237.0,0.803,350.0,1.533,113.097,0.428,0.94
469,3,0,35.81,237.0,0.797,351.0,1.51,111.993,0.429,0.943
470,0,0,36.0,237.0,0.8,349.0,1.546,112.15,0.426,0.944
471,7,3,36.667,237.0,0.807,344.0,1.527,115.1,0.425,0.953
472,7,0,36.667,237.0,0.819,349.0,1.443,116.821,0.43,0.957
473,8,0,36.857,238.0,0.814,355.0,1.318,120.552,0.44,0.964
474,4,1,36.762,238.0,0.813,357.0,1.292,120.708,0.444,0.965
475,1,1,37.048,238.0,0.814,353.0,1.307,121.181,0.442,0.967
476,4,3,37.048,237.0,0.814,348.0,1.377,118.392,0.435,0.964
477,4,0,36.524,237.0,0.807,348.0,1.413,116.448,0.435,0.957
478,5,4,36.238,237.0,0.81,344.0,1.472,115.84,0.431,0.951
479,2,0,36.238,237.0,0.811,343.0,1.492,116.103,0.429,0.95
480,5,1,36.048,237.0,0.807,346.0,1.463,115.743,0.432,0.949
481,3,0,36.143,237.0,0.802,344.0,1.53,114.221,0.427,0.947
482,6,2,36.143,237.0,0.801,347.0,1.492,113.729,0.432,0.95
483,4,1,36.238,237.0,0.814,342.0,1.583,111.73,0.428,0.949
484,6,1,36.333,237.0,0.816,341.0,1.543,113.456,0.427,0.95
485,8,2,37.0,236.619,0.816,338.0,1.581,113.849,0.423,0.956
486,7,2,36.857,236.619,0.82,342.0,1.56,114.949,0.425,0.956
487,4,1,36.667,236.619,0.819,345.0,1.54,114.777,0.428,0.955
488,9,1,36.476,236.619,0.816,350.0,1.484,115.644,0.433,0.956
489,5,2,36.667,236.619,0.816,348.0,1.446,116.561,0.434,0.959
490,4,0,37.143,236.619,0.82,351.0,1.377,119.271,0.436,0.965
491,4,1,36.476,236.619,0.819,348.0,1.49,117.002,0.433,0.956
492,3,0,36.476,236.619,0.819,350.0,1.46,117.163,0.434,0.957
493,2,0,36.571,236.095,0.814,347.0,1.548,116.565,0.43,0.955
494,8,1,36.571,234.857,0.827,350.0,1.416,120.238,0.44,0.961
495,3,1,36.286,234.857,0.823,350.0,1.44,118.702,0.441,0.958
496,1,1,36.667,234.857,0.822,345.0,1.572,116.33,0.43,0.957
497,6,0,36.857,234.905,0.822,347.0,1.543,118.291,0.433,0.961
498,3,0,36.905,235.19,0.817,345.0,1.545,118.199,0.431,0.96
499,4,1,36.476,235.19,0.809,340.0,1.662,116.66,0.425,0.951
500,6,2,36.286,235.19,0.809,340.0,1.688,114.521,0.425,0.948
501,4,0,36.0,235.381,0.81,340.0,1.627,114.178,0.429,0.947
502,4,1,36.0,235.381,0.807,340.0,1.572,114.744,0.433,0.949
503,3,1,36.571,234.857,0.815,335.0,1.586,113.816,0.425,0.952
504,1,1,36.667,234.857,0.814,333.0,1.609,113.751,0.422,0.951
505,4,1,36.476,234.857,0.814,330.0,1.692,111.3,0.419,0.946
506,2,0,35.905,234.857,0.804,329.0,1.714,110.601,0.416,0.934
507,4,0,36.0,234.857,0.802,323.0,1.776,111.715,0.412,0.932
508,5,0,36.19,234.857,0.803,326.0,1.734,112.298,0.414,0.938
509,7,0,36.381,234.857,0.81,330.0,1.623,115.309,0.42,0.946
510,7,1,36.0,234.857,0.806,331.0,1.684,113.184,0.42,0.939
511,4,1,36.095,234.857,0.805,331.0,1.71,111.607,0.419,0.94
512,5,0,36.048,234.857,0.81,333.0,1.736,111.358,0.419,0.939
513,7,0,35.19,234.857,0.806,336.0,1.756,110.42,0.423,0.927
514,8,0,34.571,234.857,0.808,337.0,1.821,108.839,0.423,0.912
515,4,0,35.333,235.524,0.814,336.0,1.728,110.451,0.423,0.929
516,4,0,35.333,235.524,0.814,337.0,1.625,111.572,0.427,0.933
517,3,0,35.714,235.524,0.817,337.0,1.572,112.361,0.43,0.942
518,6,2,35.619,235.524,0.813,337.0,1.591,111.886,0.429,0.94
519,5,1,35.619,235.524,0.814,334.0,1.664,111.525,0.423,0.935
520,4,0,35.81,235.524,0.812,334.0,1.682,111.114,0.423,0.939
521,5,1,35.476,235.619,0.811,330.0,1.808,107.743,0.417,0.927
522,6,0,35.19,235.619,0.799,332.0,1.809,106.48,0.419,0.922
523,3,0,34.905,235.619,0.8,330.0,1.846,105.41,0.415,0.911
524,9,1,34.857,235.619,0.8,335.0,1.813,106.277,0.419,0.914
525,5,0,34.762,235.619,0.803,338.0,1.751,106.609,0.424,0.917
526,4,2,34.667,235.619,0.808,337.0,1.791,105.928,0.422,0.913
527,4,0,34.095,235.619,0.806,338.0,1.846,103.91,0.42,0.896
528,5,0,34.571,236.667,0.818,339.0,1.774,104.964,0.424,0.914
529,9,0,34.619,236.571,0.811,343.0,1.669,108.087,0.427,0.918
530,6,1,34.143,236.571,0.795,343.0,1.873,106.063,0.417,0.894
531,5,1,33.571,236.571,0.788,341.0,2.02,100.128,0.414,0.871
532,4,1,33.905,236.571,0.788,341.0,2.016,101.505,0.414,0.881
533,6,0,33.476,236.571,0.792,339.0,2.013,99.233,0.417,0.871
534,5,0,33.762,237.905,0.801,339.0,1.872,101.636,0.421,0.888
535,3,0,33.952,236.905,0.805,336.0,1.88,101.59,0.418,0.889
536,7,0,34.143,236.905,0.807,338.0,1.914,102.065,0.417,0.893
537,5,1,34.238,236.905,0.81,339.0,1.87,102.666,0.419,0.899
538,3,0,34.048,236.905,0.808,339.0,1.934,101.027,0.416,0.889
539,6,1,34.143,236.905,0.805,341.0,1.961,101.625,0.415,0.89
540,2,0,34.571,236.571,0.804,337.0,2.024,102.229,0.407,0.892
541,7,1,34.857,237.667,0.801,340.0,1.885,105.012,0.416,0.911
542,5,1,34.714,237.667,0.8,340.0,1.898,103.152,0.414,0.906
543,5,1,34.714,237.667,0.808,341.0,1.9,104.09,0.415,0.907
544,13,4,34.619,237.762,0.8,346.0,1.871,103.751,0.42,0.911
545,12,3,34.048,237.762,0.796,350.0,1.787,105.577,0.428,0.904
546,7,1,34.667,237.667,0.798,348.0,1.78,107.537,0.426,0.918
547,6,0,34.476,237.667,0.795,348.0,1.84,105.48,0.422,0.909
548,5,1,35.286,237.667,0.805,346.0,1.825,107.773,0.421,0.927
549,3,1,36.143,238.476,0.805,344.0,1.82,108.805,0.42,0.942
550,3,1,36.048,238.476,0.806,343.0,1.819,108.781,0.418,0.939
551,1,0,36.0,238.476,0.808,339.0,1.851,108.17,0.416,0.936
552,2,0,36.0,238.476,0.807,341.0,1.844,108.522,0.417,0.937
553,3,1,35.81,238.476,0.803,337.0,1.914,104.931,0.412,0.929
554,6,2,35.714,238.476,0.808,338.0,1.884,106.664,0.414,0.929
555,5,0,35.667,238.476,0.801,336.0,1.91,107.643,0.417,0.93
556,13,2,35.0,238.476,0.8,342.0,1.871,107.624,0.42,0.92
557,7,0,35.19,238.476,0.797,347.0,1.76,110.843,0.426,0.93
558,3,0,34.714,238.476,0.788,347.0,1.777,109.776,0.426,0.919
559,2,0,34.905,238.476,0.79,344.0,1.791,108.174,0.421,0.918
560,6,0,35.571,238.476,0.795,347.0,1.615,111.425,0.427,0.938
561,7,1,35.857,238.476,0.809,347.0,1.578,110.409,0.426,0.942
562,4,1,36.143,238.476,0.818,343.0,1.691,108.662,0.42,0.942
563,3,1,36.429,238.476,0.819,342.0,1.684,110.457,0.417,0.945
564,6,1,36.429,237.952,0.819,340.0,1.73,108.552,0.415,0.943
565,3,0,36.714,236.905,0.816,340.0,1.703,111.404,0.418,0.949
566,4,1,36.429,236.905,0.817,337.0,1.773,110.157,0.414,0.942
567,2,1,36.429,236.905,0.82,333.0,1.865,108.482,0.409,0.938
568,4,0,36.095,236.905,0.813,337.0,1.781,110.701,0.418,0.939
569,4,1,35.81,236.905,0.816,336.0,1.833,108.275,0.415,0.932
570,3,0,35.619,237.476,0.801,338.0,1.8,108.593,0.418,0.93
571,4,0,34.857,237.476,0.797,339.0,1.78,108.087,0.418,0.913
572,8,2,34.571,237.476,0.793,342.0,1.642,110.677,0.428,0.918
573,8,1,34.857,237.476,0.793,345.0,1.577,111.782,0.43,0.926
574,2,1,34.857,237.476,0.791,342.0,1.611,110.68,0.427,0.923
575,11,0,35.095,237.476,0.798,351.0,1.486,110.751,0.44,0.939
576,3,0,34.905,237.476,0.8,353.0,1.462,111.273,0.443,0.938
577,7,2,34.571,237.476,0.793,350.0,1.508,109.831,0.44,0.93
578,4,0,34.762,237.476,0.806,350.0,1.519,109.256,0.44,0.933
579,6,1,34.857,237.476,0.813,352.0,1.447,111.749,0.445,0.939
580,10,0,34.714,237.476,0.819,358.0,1.367,113.766,0.451,0.942
581,5,2,35.0,237.476,0.819,356.0,1.396,113.945,0.447,0.943
582,4,1,35.476,237.476,0.819,351.0,1.463,111.962,0.441,0.947
583,5,2,36.048,237.476,0.834,346.0,1.561,113.387,0.431,0.948
584,4,0,36.048,237.476,0.83,346.0,1.557,112.781,0.43,0.948
585,13,3,35.905,237.476,0.832,355.0,1.402,117.205,0.441,0.953
586,1,0,35.81,236.952,0.831,351.0,1.454,114.96,0.436,0.949
587,7,2,36.0,236.952,0.822,350.0,1.424,115.475,0.439,0.953
588,5,4,36.19,236.952,0.819,348.0,1.513,114.389,0.432,0.952
589,6,0,36.095,236.952,0.813,350.0,1.528,113.014,0.436,0.952
590,1,0,36.19,237.286,0.817,348.0,1.589,112.109,0.432,0.951
591,5,2,35.81,236.524,0.817,346.0,1.648,110.155,0.428,0.942
592,3,1,35.905,236.524,0.818,344.0,1.703,109.439,0.424,0.941
593,2,1,35.905,236.524,0.819,341.0,1.741,109.259,0.421,0.939
594,4,1,36.0,236.524,0.818,340.0,1.729,109.067,0.422,0.941
595,8,1,35.762,234.524,0.812,343.0,1.636,109.098,0.428,0.942
596,6,1,35.857,234.524,0.81,345.0,1.55,111.568,0.432,0.946
597,7,1,35.952,234.81,0.81,348.0,1.502,112.033,0.435,0.95
598,5,1,36.619,237.381,0.812,345.0,1.584,110.291,0.43,0.956
599,5,1,36.429,237.571,0.811,346.0,1.577,110.314,0.432,0.955
600,3,1,36.619,237.571,0.815,342.0,1.656,108.852,0.426,0.954
601,4,1,36.81,237.571,0.815,344.0,1.641,109.541,0.425,0.956
602,7,1,36.381,237.571,0.815,346.0,1.625,109.195,0.429,0.952
603,1,0,36.286,237.571,0.815,344.0,1.68,107.186,0.427,0.949
604,5,2,36.19,237.571,0.817,343.0,1.717,106.9,0.426,0.947
605,5,0,35.905,237.571,0.809,340.0,1.777,105.095,0.422,0.94
606,0,0,36.286,237.571,0.812,335.0,1.826,105.071,0.417,0.942
607,4,0,35.905,237.571,0.813,335.0,1.868,104.443,0.417,0.936
608,7,1,36.095,237.381,0.805,336.0,1.791,104.964,0.42,0.941
609,3,1,36.0,237.381,0.798,334.0,1.875,102.956,0.417,0.937
610,4,1,36.19,237.381,0.798,330.0,1.971,100.335,0.409,0.934
611,6,0,36.381,237.667,0.801,334.0,1.95,100.662,0.413,0.941
612,3,0,36.667,237.667,0.808,330.0,1.946,102.157,0.41,0.943
613,6,0,36.952,237.667,0.809,333.0,1.849,105.802,0.416,0.952
614,2,0,36.952,237.667,0.81,333.0,1.85,105.399,0.416,0.952
615,9,0,36.857,237.667,0.811,335.0,1.876,105.212,0.418,0.952
616,5,0,36.857,237.524,0.809,335.0,1.874,105.148,0.418,0.952
617,2,1,37.0,237.524,0.806,332.0,1.965,103.181,0.413,0.951
618,5,2,36.619,237.524,0.806,331.0,1.955,102.665,0.414,0.945
619,8,0,36.524,237.524,0.808,334.0,1.914,103.959,0.417,0.946
620,8,1,36.333,237.524,0.815,333.0,1.941,102.353,0.419,0.944
621,5,0,36.048,237.619,0.81,332.0,2.127,99.373,0.412,0.934
622,10,1,36.333,238.857,0.81,338.0,1.982,101.969,0.421,0.946
623,8,1,36.095,238.857,0.805,343.0,1.959,101.783,0.427,0.947
624,3,1,35.905,238.857,0.8,343.0,1.957,100.46,0.426,0.943
625,6,1,35.905,238.857,0.803,346.0,1.884,100.135,0.43,0.946
626,0,0,35.524,238.857,0.795,340.0,1.996,97.438,0.423,0.934
627,2,0,35.714,238.857,0.795,335.0,2.058,96.645,0.417,0.932
628,4,1,35.524,238.857,0.798,335.0,2.096,95.144,0.415,0.926
629,3,0,35.333,238.857,0.795,338.0,2.039,95.875,0.418,0.925
630,4,0,35.048,238.857,0.797,338.0,2.068,95.698,0.417,0.918
631,8,1,34.952,238.857,0.792,339.0,2.028,97.182,0.419,0.917
632,2,0,34.857,238.048,0.791,337.0,2.064,97.072,0.416,0.912
633,8,1,33.714,238.048,0.793,337.0,2.079,94.72,0.416,0.878
634,5,1,33.429,238.048,0.795,339.0,2.097,93.249,0.419,0.874
635,5,1,33.714,238.048,0.795,342.0,1.963,96.446,0.422,0.888
636,5,1,33.524,238.048,0.792,345.0,1.905,96.982,0.426,0.887
637,6,3,33.429,238.048,0.795,344.0,1.947,97.615,0.423,0.879
638,7,4,33.333,238.048,0.794,344.0,2.034,96.412,0.421,0.874
639,3,0,33.619,238.048,0.8,343.0,1.985,97.717,0.42,0.881
640,8,1,34.0,238.333,0.811,347.0,1.888,99.512,0.429,0.905
641,3,0,34.0,238.333,0.804,347.0,1.867,100.566,0.428,0.904
642,3,1,33.81,238.333,0.795,348.0,1.857,99.951,0.43,0.901
643,5,0,34.0,238.333,0.803,350.0,1.847,99.968,0.429,0.906
644,8,0,34.476,238.333,0.8,355.0,1.738,103.741,0.435,0.923
645,6,1,34.333,238.333,0.799,356.0,1.77,104.614,0.433,0.918
646,5,1,33.952,238.333,0.784,356.0,1.805,104.365,0.428,0.903
647,4,1,33.667,238.333,0.785,357.0,1.826,104.632,0.427,0.893
648,5,0,33.905,238.333,0.782,357.0,1.784,106.391,0.427,0.9
649,4,1,33.905,238.333,0.785,358.0,1.834,104.202,0.427,0.9
650,3,0,33.81,238.333,0.789,356.0,1.888,102.914,0.425,0.894
651,0,0,34.095,238.333,0.789,351.0,1.956,102.416,0.417,0.892
652,4,0,34.095,238.333,0.789,352.0,1.989,101.343,0.417,0.892
653,2,0,34.476,238.333,0.791,351.0,1.997,101.815,0.415,0.9
654,8,1,34.19,238.333,0.79,356.0,1.926,101.582,0.422,0.901
655,4,1,34.429,238.333,0.802,357.0,1.921,101.295,0.424,0.911
656,5,0,33.762,238.333,0.791,355.0,2.086,96.807,0.418,0.884
657,7,1,33.952,238.714,0.796,359.0,2.034,97.561,0.421,0.894
658,6,1,34.238,238.048,0.797,358.0,1.998,97.69,0.419,0.899
659,2,0,34.143,238.048,0.797,358.0,2.029,97.276,0.419,0.897
660,4,0,34.381,238.048,0.799,356.0,2.045,97.75,0.418,0.901
661,3,0,34.429,238.048,0.793,357.0,2.063,97.445,0.417,0.901
662,5,0,34.238,238.048,0.797,352.0,2.112,95.322,0.415,0.893
663,6,0,33.952,238.048,0.793,354.0,2.153,94.452,0.413,0.883
664,5,0,33.714,238.048,0.8,355.0,2.026,95.868,0.418,0.882
665,3,0,33.619,238.048,0.801,352.0,2.09,93.853,0.411,0.868
666,4,0,33.619,238.048,0.807,353.0,2.068,94.255,0.415,0.875
667,9,0,34.095,238.048,0.812,360.0,1.779,99.923,0.43,0.908
668,3,0,34.238,238.048,0.812,360.0,1.768,99.611,0.43,0.913
669,5,0,34.81,237.667,0.815,358.0,1.8,99.338,0.426,0.921
670,3,0,34.714,237.667,0.819,356.0,1.849,98.625,0.422,0.915
671,7,0,34.571,237.667,0.816,358.0,1.909,98.169,0.419,0.908
672,5,1,34.381,237.286,0.819,358.0,1.885,98.219,0.422,0.907
673,1,0,34.381,237.286,0.823,356.0,1.949,96.577,0.418,0.902
674,5,3,34.762,237.286,0.815,351.0,1.982,97.723,0.411,0.903
675,6,0,35.0,237.286,0.806,346.0,1.969,98.118,0.404,0.901
676,7,0,35.762,237.0,0.815,350.0,1.773,102.51,0.416,0.931
677,4,0,35.952,237.0,0.815,351.0,1.737,103.682,0.418,0.937
678,2,1,36.524,237.0,0.819,346.0,1.791,104.867,0.413,0.943
679,7,1,36.19,237.0,0.814,347.0,1.711,105.346,0.415,0.938
680,2,1,36.0,237.0,0.815,345.0,1.777,104.835,0.412,0.933
681,4,0,36.0,237.0,0.816,346.0,1.778,105.205,0.412,0.932
682,5,1,36.0,237.0,0.825,345.0,1.78,102.504,0.414,0.934
683,4,0,35.81,237.0,0.824,347.0,1.731,103.993,0.419,0.935
684,7,1,35.905,237.0,0.827,346.0,1.762,103.243,0.418,0.936
685,4,0,35.81,237.0,0.831,346.0,1.783,102.79,0.416,0.932
686,6,0,36.095,237.571,0.837,347.0,1.719,103.351,0.417,0.939
687,2,0,36.19,237.476,0.839,345.0,1.802,102.094,0.412,0.936
688,4,0,36.19,237.476,0.835,344.0,1.806,101.893,0.414,0.938
689,0,0,36.095,237.476,0.835,340.0,1.845,101.05,0.41,0.932
690,7,0,35.714,237.571,0.833,346.0,1.8,101.194,0.415,0.929
691,4,0,36.19,237.286,0.831,345.0,1.817,101.99,0.409,0.934
692,1,1,36.286,237.286,0.825,341.0,1.926,100.738,0.399,0.926
693,4,0,36.286,237.286,0.825,337.0,1.912,101.442,0.398,0.925
694,5,0,36.286,237.286,0.825,338.0,1.869,101.972,0.4,0.927
695,8,2,36.095,237.286,0.823,338.0,1.83,101.955,0.404,0.927
696,5,1,36.381,237.286,0.819,338.0,1.838,100.966,0.401,0.93
697,4,0,36.476,237.286,0.813,337.0,1.862,103.42,0.399,0.93
698,3,0,36.571,237.286,0.818,334.0,1.928,102.465,0.395,0.928
699,7,1,35.857,237.762,0.82,334.0,2.018,99.683,0.393,0.91
700,4,0,35.476,237.762,0.822,334.0,2.08,97.65,0.392,0.898
701,3,0,35.952,237.762,0.823,335.0,2.058,99.488,0.391,0.91
702,1,0,36.143,237.762,0.823,334.0,2.059,99.511,0.39,0.913
703,3,1,36.762,237.762,0.826,330.0,2.074,99.959,0.389,0.926
704,5,0,36.571,237.762,0.823,331.0,2.011,100.599,0.393,0.927
705,4,2,36.905,237.762,0.824,330.0,2.015,101.314,0.392,0.932
706,3,0,36.19,237.762,0.825,325.0,2.182,97.774,0.385,0.909
707,3,0,36.095,237.762,0.82,324.0,2.226,97.773,0.384,0.905
708,6,0,36.429,237.762,0.816,325.0,2.175,99.8,0.383,0.912
709,4,0,36.762,237.762,0.817,324.0,2.175,101.12,0.38,0.917
710,7,0,36.476,237.762,0.814,326.0,2.141,99.995,0.383,0.914
711,10,1,36.714,237.762,0.815,332.0,2.034,102.03,0.39,0.927
712,8,1,36.905,237.762,0.815,335.0,1.914,104.809,0.398,0.937
713,4,1,36.238,237.762,0.815,333.0,2.086,102.028,0.392,0.918
714,4,0,36.048,238.429,0.812,335.0,2.047,102.008,0.398,0.92
715,4,2,36.143,238.429,0.813,334.0,2.094,100.519,0.396,0.92
716,7,0,36.048,238.429,0.812,332.0,2.083,101.995,0.397,0.918
717,4,1,36.143,238.429,0.817,332.0,2.021,102.644,0.399,0.923
718,8,2,36.429,238.429,0.818,333.0,2.031,103.254,0.404,0.934
719,2,0,36.524,238.429,0.821,331.0,2.092,101.693,0.399,0.932
720,7,0,36.952,238.429,0.821,334.0,1.986,104.155,0.403,0.943
721,3,0,36.762,238.429,0.82,332.0,2.014,103.978,0.402,0.939
722,6,0,36.286,238.429,0.819,335.0,1.983,105.61,0.406,0.933
723,6,0,36.762,238.429,0.819,337.0,1.946,107.174,0.406,0.942
724,4,1,37.143,238.429,0.825,336.0,1.869,109.873,0.411,0.951
725,4,3,37.048,238.429,0.827,334.0,1.891,108.384,0.409,0.948
726,5,0,36.095,238.429,0.82,336.0,1.938,105.068,0.409,0.932
727,8,2,36.286,238.429,0.82,335.0,1.88,105.371,0.417,0.942
728,7,1,36.286,238.429,0.811,336.0,1.847,104.887,0.417,0.942
729,6,2,36.19,238.429,0.801,331.0,1.888,105.146,0.413,0.937
730,8,1,35.333,238.429,0.794,332.0,1.925,102.521,0.415,0.921
731,5,0,35.286,238.429,0.804,328.0,1.925,102.52,0.407,0.912
732,8,0,35.762,238.429,0.799,336.0,1.674,107.284,0.423,0.937
733,7,0,35.667,238.095,0.805,338.0,1.663,106.8,0.425,0.938
734,10,1,34.905,238.095,0.795,343.0,1.681,105.991,0.426,0.923
735,9,1,35.0,238.095,0.784,346.0,1.62,107.158,0.428,0.928
736,5,0,35.143,238.095,0.792,346.0,1.61,109.04,0.426,0.928
737,5,3,35.905,238.095,0.8,344.0,1.622,109.935,0.423,0.94
738,5,0,35.524,238.095,0.795,348.0,1.589,108.984,0.428,0.937
739,6,0,35.571,238.095,0.794,346.0,1.721,105.549,0.423,0.934
740,7,1,35.905,238.095,0.802,346.0,1.767,104.414,0.424,0.941
741,6,0,35.524,238.095,0.796,349.0,1.77,103.341,0.427,0.937
742,8,1,36.095,238.095,0.811,352.0,1.708,106.126,0.432,0.95
743,11,1,35.952,238.095,0.813,358.0,1.657,107.035,0.436,0.951
744,1,1,35.857,238.095,0.816,354.0,1.693,106.658,0.432,0.946
745,6,2,35.857,238.095,0.816,355.0,1.707,106.447,0.433,0.947
746,8,5,36.143,238.095,0.82,352.0,1.738,106.402,0.427,0.948
747,2,2,35.762,237.571,0.82,345.0,1.949,102.751,0.42,0.936
748,5,0,35.857,237.571,0.822,345.0,2.024,101.683,0.415,0.933
749,8,1,35.619,237.048,0.824,346.0,1.906,104.338,0.416,0.929
750,4,0,35.524,235.952,0.826,345.0,1.914,103.695,0.416,0.927
751,8,0,35.238,235.762,0.819,350.0,1.894,104.314,0.424,0.928
752,5,1,35.19,236.81,0.817,352.0,1.921,103.831,0.427,0.931
753,2,0,34.81,237.143,0.808,348.0,2.039,100.498,0.417,0.911
754,7,0,34.524,236.81,0.805,352.0,1.966,102.37,0.424,0.913
755,7,2,34.857,233.0,0.813,350.0,2.006,99.868,0.423,0.919
756,6,0,34.81,233.0,0.809,352.0,2.028,99.623,0.42,0.916
757,8,1,34.143,233.286,0.807,354.0,2.094,95.759,0.425,0.904
758,4,1,34.429,233.619,0.807,353.0,2.067,96.058,0.425,0.911
759,3,0,34.524,233.619,0.81,354.0,2.066,96.32,0.424,0.913
760,5,0,34.571,233.905,0.813,359.0,1.827,100.872,0.433,0.923
761,6,2,34.381,233.905,0.811,357.0,1.827,99.95,0.432,0.919
762,3,0,34.476,233.905,0.817,355.0,1.872,98.925,0.43,0.918
763,7,1,34.476,233.81,0.816,353.0,1.921,99.023,0.428,0.916
764,5,0,34.762,233.81,0.816,355.0,1.819,101.235,0.426,0.92
765,6,2,35.048,234.048,0.824,353.0,1.914,100.146,0.421,0.921
766,8,0,34.667,234.048,0.822,357.0,1.886,100.25,0.426,0.919
767,3,1,34.857,234.048,0.826,356.0,1.995,98.353,0.422,0.918
768,4,1,34.667,234.286,0.817,354.0,2.091,96.422,0.418,0.909
769,4,1,34.952,234.286,0.809,352.0,2.101,96.744,0.416,0.914
770,2,0,35.429,234.048,0.818,350.0,2.107,97.001,0.416,0.925
771,5,0,35.429,234.048,0.816,350.0,2.028,97.543,0.419,0.928
772,6,1,35.429,234.048,0.814,351.0,2.05,96.283,0.417,0.926
773,5,1,35.143,234.048,0.819,350.0,2.112,94.919,0.416,0.919
774,6,0,35.048,234.714,0.813,352.0,2.037,95.29,0.42,0.921
775,4,0,34.952,234.714,0.81,349.0,2.058,95.173,0.413,0.911
776,5,0,35.048,234.714,0.812,351.0,2.015,95.864,0.416,0.917
777,4,0,34.952,235.095,0.816,350.0,1.928,96.384,0.418,0.916
778,4,0,34.857,235.095,0.816,350.0,1.885,98.198,0.421,0.917
779,7,0,34.476,235.095,0.806,351.0,1.902,97.136,0.42,0.906
780,4,1,34.714,235.095,0.804,349.0,1.965,95.283,0.417,0.909
781,6,0,34.429,235.095,0.81,350.0,1.977,93.892,0.415,0.9
782,2,0,34.238,235.095,0.811,352.0,1.946,93.856,0.419,0.898
783,5,0,34.238,235.095,0.811,356.0,1.866,95.186,0.424,0.905
784,4,0,34.524,235.095,0.811,354.0,1.87,95.773,0.419,0.907
785,3,1,35.19,235.095,0.815,351.0,1.852,97.633,0.417,0.92
786,7,0,35.143,235.095,0.81,354.0,1.864,96.906,0.422,0.925
787,6,1,35.333,235.095,0.815,354.0,1.705,100.079,0.426,0.932
788,4,0,34.381,235.095,0.815,354.0,1.761,97.479,0.425,0.91
789,6,1,33.905,235.095,0.808,357.0,1.728,97.225,0.43,0.903
790,5,2,34.476,235.095,0.811,353.0,1.783,98.364,0.424,0.912
791,4,1,34.762,235.095,0.809,351.0,1.799,99.207,0.425,0.92
792,6,1,34.095,235.095,0.811,348.0,1.857,97.94,0.421,0.898
793,2,0,34.19,235.095,0.818,345.0,1.833,98.071,0.423,0.902
794,7,1,34.095,235.095,0.814,345.0,1.855,96.49,0.425,0.903
795,7,1,34.333,235.095,0.814,349.0,1.778,97.645,0.431,0.915
796,4,0,34.524,235.095,0.812,351.0,1.646,99.95,0.438,0.928
797,1,0,34.429,234.762,0.811,346.0,1.773,96.915,0.43,0.917
798,9,1,34.238,234.762,0.809,348.0,1.775,96.997,0.43,0.912
799,3,1,34.667,234.333,0.81,345.0,1.879,96.691,0.423,0.915
800,6,0,34.857,234.333,0.813,350.0,1.802,97.963,0.431,0.927
801,6,1,34.762,234.333,0.805,348.0,1.897,96.584,0.424,0.919
802,1,0,34.571,234.333,0.803,348.0,1.913,95.554,0.424,0.914
803,8,1,34.619,234.333,0.799,349.0,1.846,95.996,0.429,0.921
804,4,0,34.524,234.333,0.803,347.0,1.815,96.632,0.433,0.922
805,3,0,34.81,234.333,0.806,346.0,1.776,97.75,0.435,0.93
806,6,1,34.81,234.333,0.806,346.0,1.705,98.099,0.435,0.931
807,4,0,35.0,234.333,0.799,340.0,1.703,97.819,0.433,0.932
808,6,2,35.095,234.333,0.802,338.0,1.809,96.495,0.428,0.93
809,2,0,35.286,234.333,0.801,335.0,1.87,95.693,0.424,0.93
810,5,2,35.381,234.333,0.801,335.0,1.878,96.072,0.425,0.933
811,4,0,35.476,234.333,0.798,336.0,1.796,97.646,0.431,0.939
812,8,1,35.095,234.667,0.802,338.0,1.864,95.657,0.43,0.931
813,1,0,35.19,234.667,0.806,333.0,1.987,93.813,0.425,0.929
814,6,2,34.714,234.667,0.801,334.0,1.954,93.083,0.427,0.92
815,9,3,34.81,234.667,0.808,337.0,1.874,94.682,0.433,0.929
816,0,0,35.0,234.667,0.81,331.0,1.947,93.239,0.425,0.925
817,5,1,34.524,234.667,0.808,333.0,2.031,90.812,0.424,0.913
818,4,0,34.429,234.667,0.811,336.0,2.017,91.025,0.427,0.914
819,5,0,34.81,234.381,0.807,337.0,1.902,93.466,0.428,0.923
820,7,1,34.619,234.381,0.806,339.0,1.871,93.784,0.429,0.92
821,7,0,34.333,234.381,0.806,345.0,1.798,94.065,0.433,0.918
822,4,2,34.619,232.476,0.811,338.0,1.87,92.53,0.423,0.913
823,6,2,34.81,231.429,0.806,339.0,1.87,93.871,0.422,0.917
824,6,1,35.476,231.429,0.806,337.0,1.885,95.564,0.417,0.927
825,6,2,35.619,231.429,0.806,335.0,1.887,95.715,0.417,0.93
826,2,0,35.524,231.429,0.81,329.0,1.993,94.543,0.411,0.922
827,6,2,35.619,231.095,0.814,330.0,1.972,94.749,0.412,0.925
828,4,1,35.81,231.095,0.813,332.0,1.836,97.319,0.416,0.932
829,5,1,35.905,230.857,0.81,334.0,1.803,97.137,0.419,0.937
830,3,0,36.19,230.857,0.81,331.0,1.796,98.528,0.417,0.94
831,8,1,36.0,230.857,0.805,331.0,1.836,98.942,0.42,0.939
832,4,0,36.19,231.524,0.808,332.0,1.793,100.316,0.418,0.941
833,4,1,35.714,231.524,0.807,332.0,1.852,98.421,0.414,0.929
834,5,1,36.19,231.524,0.814,333.0,1.806,100.306,0.415,0.939
835,7,1,36.476,231.524,0.814,335.0,1.764,101.848,0.417,0.945
836,3,1,36.0,231.524,0.814,335.0,1.786,100.864,0.417,0.937
837,2,1,36.095,231.143,0.816,331.0,1.805,101.645,0.414,0.936
838,2,0,36.286,229.619,0.8,328.0,1.896,99.854,0.411,0.937
839,10,2,35.81,231.095,0.804,334.0,1.831,100.405,0.419,0.936
840,6,1,35.81,232.143,0.806,334.0,1.909,97.922,0.416,0.932
841,5,0,35.905,232.143,0.816,337.0,1.858,98.121,0.423,0.94
842,7,1,36.0,234.524,0.815,339.0,1.768,99.574,0.425,0.944
843,5,2,35.81,234.238,0.813,338.0,1.801,98.914,0.423,0.939
844,1,0,35.905,234.238,0.809,334.0,1.838,97.803,0.419,0.937
845,4,1,35.619,234.238,0.81,336.0,1.739,98.615,0.423,0.935
846,3,0,35.81,234.238,0.809,334.0,1.76,100.565,0.42,0.936
847,5,2,35.81,234.238,0.808,334.0,1.786,99.67,0.419,0.935
848,5,1,35.905,234.238,0.809,334.0,1.772,99.267,0.419,0.937
849,6,1,35.524,234.333,0.814,337.0,1.759,99.299,0.422,0.933
850,5,2,36.286,234.333,0.816,336.0,1.755,100.243,0.42,0.944
851,5,1,36.048,234.333,0.814,340.0,1.727,100.86,0.422,0.942
852,6,0,35.857,234.333,0.812,341.0,1.737,100.884,0.423,0.939
853,4,0,35.667,234.333,0.812,342.0,1.687,100.04,0.428,0.94
854,7,3,35.524,234.333,0.815,340.0,1.817,98.427,0.423,0.934
855,4,3,35.333,233.762,0.815,338.0,1.831,97.479,0.421,0.928
856,6,3,35.238,236.476,0.817,335.0,1.883,96.945,0.418,0.922
857,6,1,35.429,236.476,0.821,337.0,1.852,98.559,0.421,0.93
858,6,0,35.238,237.048,0.818,340.0,1.875,96.796,0.422,0.927
859,6,1,35.238,237.048,0.809,342.0,1.691,101.857,0.43,0.934
860,3,1,35.333,237.048,0.792,335.0,1.849,99.056,0.418,0.925
861,5,0,35.143,237.048,0.788,337.0,1.824,99.798,0.423,0.926
862,3,0,34.571,237.048,0.788,335.0,1.882,97.716,0.422,0.911
863,9,3,34.476,237.048,0.786,338.0,1.845,98.295,0.426,0.914
864,7,1,34.571,237.048,0.795,341.0,1.801,99.488,0.43,0.92
865,4,1,34.857,237.048,0.802,337.0,1.799,99.801,0.428,0.924
866,8,0,34.762,237.048,0.808,339.0,1.82,98.74,0.431,0.925
867,8,2,34.095,237.048,0.805,331.0,1.907,95.22,0.421,0.898
868,2,0,34.19,237.048,0.806,328.0,1.941,94.9,0.418,0.896
869,4,0,33.905,237.048,0.804,327.0,2.033,92.339,0.414,0.882
870,4,0,33.667,237.048,0.798,328.0,2.051,91.5,0.415,0.876
871,5,0,33.619,237.048,0.79,328.0,2.083,89.908,0.415,0.875
872,5,0,34.0,237.048,0.798,328.0,2.018,90.908,0.417,0.889
873,4,1,34.095,237.048,0.805,328.0,2.014,91.243,0.416,0.891
874,2,1,34.095,237.048,0.805,325.0,2.043,91.15,0.414,0.887
875,3,0,34.238,237.048,0.806,323.0,2.129,90.533,0.408,0.884
876,2,0,34.429,237.048,0.805,323.0,2.141,90.861,0.409,0.89
877,3,0,34.333,237.048,0.815,321.0,2.185,88.968,0.408,0.887
878,4,0,34.048,237.048,0.804,318.0,2.176,89.621,0.405,0.873
879,7,0,34.238,237.048,0.813,319.0,2.037,92.272,0.406,0.881
880,6,0,33.952,237.048,0.809,322.0,1.996,92.247,0.407,0.873
881,9,1,33.667,237.048,0.805,328.0,1.873,92.87,0.418,0.88
882,6,2,33.762,237.048,0.809,330.0,1.808,95.069,0.422,0.889
883,13,1,33.381,231.667,0.793,336.0,1.846,92.998,0.425,0.881
884,1,0,33.19,231.381,0.798,330.0,1.92,91.424,0.419,0.865
885,5,1,33.476,231.381,0.792,328.0,1.944,91.038,0.418,0.873
886,2,0,33.762,235.19,0.794,328.0,1.889,94.369,0.418,0.882
887,7,2,34.048,235.19,0.804,328.0,1.871,96.412,0.419,0.892
888,4,2,34.571,235.19,0.792,320.0,2.095,92.587,0.404,0.888
889,1,0,34.857,235.19,0.795,315.0,2.241,90.748,0.394,0.883
890,4,0,34.19,234.381,0.785,314.0,2.273,88.918,0.395,0.862
891,2,0,34.143,234.381,0.781,313.0,2.207,90.173,0.396,0.862
892,1,0,34.238,234.381,0.781,312.0,2.209,90.54,0.396,0.864
893,4,0,34.238,234.381,0.776,312.0,2.318,88.613,0.39,0.855
894,6,0,34.524,235.238,0.78,312.0,2.323,89.106,0.39,0.865
895,3,1,34.524,235.238,0.78,311.0,2.281,89.818,0.391,0.866
896,9,1,34.238,235.238,0.777,316.0,2.134,92.307,0.4,0.871
897,2,0,33.952,235.238,0.779,316.0,2.189,91.339,0.4,0.861
898,7,0,33.571,235.238,0.781,322.0,1.998,94.255,0.411,0.864
899,9,2,33.476,236.0,0.784,321.0,1.937,94.253,0.419,0.875
900,5,0,33.095,236.0,0.781,324.0,1.936,92.442,0.42,0.863
901,8,1,33.286,236.0,0.786,329.0,2.005,92.706,0.42,0.87
902,5,0,33.381,236.0,0.79,330.0,2.001,93.191,0.422,0.877
903,7,1,33.381,236.0,0.796,332.0,1.987,94.269,0.423,0.879
904,2,0,33.19,236.048,0.796,332.0,2.062,92.241,0.422,0.871
905,3,0,33.476,236.048,0.801,328.0,2.059,92.852,0.42,0.877
906,7,1,33.476,236.048,0.8,327.0,2.117,91.632,0.417,0.873
907,12,1,33.238,234.095,0.792,336.0,2.044,90.996,0.422,0.872
908,5,1,33.143,234.238,0.789,335.0,2.036,90.679,0.421,0.867
909,5,0,33.19,234.238,0.778,336.0,2.009,91.379,0.423,0.873
910,6,3,33.429,234.238,0.788,336.0,1.977,92.191,0.425,0.883
911,4,0,33.238,234.238,0.785,336.0,1.995,91.849,0.426,0.878
912,5,0,33.476,234.238,0.781,336.0,1.973,94.464,0.429,0.891
913,4,0,33.286,234.238,0.783,337.0,2.047,92.771,0.43,0.887
914,4,1,32.81,234.238,0.773,336.0,2.109,91.413,0.427,0.865
915,6,1,32.714,235.238,0.78,335.0,2.163,90.891,0.425,0.858
916,5,1,33.0,235.238,0.79,333.0,2.172,90.781,0.424,0.867
917,2,0,33.095,236.524,0.79,331.0,2.215,90.095,0.423,0.869
918,8,2,32.81,236.524,0.781,334.0,2.228,88.209,0.425,0.863
919,4,0,32.571,236.524,0.783,334.0,2.412,86.526,0.422,0.849
920,7,0,31.905,236.524,0.771,336.0,2.426,85.292,0.42,0.815
921,2,0,31.952,236.524,0.772,335.0,2.452,84.898,0.417,0.811
922,4,0,31.905,236.524,0.775,333.0,2.477,85.805,0.411,0.794
923,3,0,31.905,236.524,0.777,332.0,2.515,85.663,0.409,0.789
924,2,1,32.19,236.524,0.779,329.0,2.541,85.624,0.404,0.794
925,6,1,32.524,236.524,0.787,328.0,2.397,88.509,0.404,0.81
926,10,1,32.571,236.619,0.78,332.0,2.29,89.283,0.41,0.824
927,5,1,32.571,236.619,0.786,331.0,2.369,87.959,0.408,0.821
928,5,2,32.571,236.619,0.776,332.0,2.383,88.057,0.408,0.82
929,3,0,32.095,234.952,0.779,327.0,2.534,84.722,0.403,0.787
930,3,1,32.19,233.238,0.779,324.0,2.593,84.144,0.398,0.778
931,3,0,32.571,233.238,0.777,323.0,2.569,85.088,0.396,0.794
932,6,2,32.381,231.476,0.78,319.0,2.615,85.075,0.392,0.772
933,7,0,32.571,231.476,0.778,321.0,2.387,88.246,0.399,0.8
934,5,0,32.762,231.143,0.789,320.0,2.218,92.703,0.402,0.815
935,6,0,33.143,231.143,0.789,321.0,2.16,94.749,0.405,0.839
936,3,0,33.714,233.667,0.795,321.0,2.225,94.537,0.404,0.859
937,5,0,34.0,233.667,0.796,324.0,1.957,100.275,0.414,0.884
938,5,0,33.429,233.667,0.797,325.0,2.002,98.005,0.417,0.87
939,7,1,32.952,233.667,0.793,327.0,1.973,97.551,0.423,0.864
940,10,1,33.238,233.81,0.808,333.0,1.742,103.437,0.435,0.892
941,3,0,33.667,233.524,0.811,329.0,1.709,105.029,0.433,0.9
942,6,1,33.667,233.524,0.81,331.0,1.671,106.12,0.435,0.903
943,5,1,33.571,233.524,0.809,333.0,1.663,105.757,0.436,0.901
944,4,0,33.286,233.524,0.808,331.0,1.797,102.669,0.429,0.884
945,3,0,33.762,233.524,0.808,332.0,1.636,106.167,0.434,0.904
946,3,1,34.429,232.905,0.81,326.0,1.726,103.9,0.424,0.91
947,5,0,34.429,234.333,0.812,328.0,1.666,104.5,0.432,0.918
948,5,1,34.667,234.333,0.815,327.0,1.592,105.433,0.432,0.924
949,1,0,34.667,234.333,0.812,324.0,1.576,105.348,0.431,0.923
950,4,0,34.381,234.333,0.803,324.0,1.629,104.628,0.432,0.918
951,6,1,34.571,235.143,0.8,326.0,1.577,104.082,0.437,0.927
952,5,0,35.048,235.143,0.823,323.0,1.564,105.723,0.436,0.935
953,3,1,35.524,235.143,0.831,321.0,1.503,109.169,0.435,0.943
954,9,1,36.095,234.571,0.831,323.0,1.431,111.529,0.438,0.953
955,1,0,35.905,234.571,0.83,318.0,1.501,108.382,0.432,0.947
956,6,0,35.81,234.857,0.828,324.0,1.44,109.169,0.438,0.949
957,2,1,35.81,234.857,0.827,320.0,1.534,105.729,0.428,0.942
958,6,1,35.714,234.857,0.831,319.0,1.595,105.226,0.426,0.939
959,5,1,35.762,234.857,0.831,318.0,1.583,104.832,0.426,0.94
960,5,2,35.952,234.857,0.83,318.0,1.592,104.65,0.425,0.943
961,2,0,36.238,234.857,0.83,316.0,1.633,104.768,0.421,0.944
962,5,0,36.714,235.333,0.827,316.0,1.639,105.038,0.423,0.953
963,4,2,36.905,235.333,0.822,312.0,1.725,102.461,0.417,0.951
964,7,0,36.905,235.476,0.829,315.0,1.692,104.024,0.42,0.954
965,9,1,36.429,233.952,0.82,320.0,1.624,105.416,0.425,0.95
966,3,0,36.524,235.286,0.818,321.0,1.621,106.077,0.427,0.953
967,5,1,36.238,235.286,0.811,320.0,1.639,106.263,0.424,0.946
968,4,0,35.952,235.286,0.809,321.0,1.651,106.25,0.423,0.941
969,1,0,35.762,235.286,0.805,317.0,1.802,102.084,0.416,0.931
970,12,2,36.429,235.286,0.812,322.0,1.701,105.093,0.417,0.945
971,1,0,36.714,235.286,0.815,316.0,1.884,100.444,0.407,0.941
972,5,1,36.143,235.286,0.813,317.0,1.899,98.709,0.41,0.934
973,10,0,35.714,235.286,0.809,322.0,1.939,96.435,0.411,0.926
974,6,0,35.857,235.286,0.808,324.0,1.902,98.497,0.413,0.93
975,7,2,36.048,235.286,0.809,325.0,1.803,100.319,0.416,0.937
976,5,0,36.762,235.571,0.805,327.0,1.617,105.255,0.425,0.955
977,5,1,37.238,235.571,0.806,325.0,1.577,107.871,0.425,0.96
978,4,0,37.238,234.0,0.805,322.0,1.692,106.023,0.418,0.957
979,8,0,36.571,234.19,0.808,322.0,1.77,101.809,0.418,0.947
980,3,0,36.714,234.19,0.805,319.0,1.747,102.122,0.415,0.948
981,2,0,36.048,234.19,0.8,320.0,1.905,97.149,0.412,0.934
982,7,2,35.0,234.19,0.791,317.0,2.077,92.084,0.404,0.9
983,5,1,34.429,234.19,0.796,319.0,2.163,90.179,0.404,0.885
984,4,0,34.619,234.19,0.797,317.0,2.191,90.116,0.401,0.885
985,6,0,34.238,234.19,0.795,321.0,2.174,89.51,0.404,0.877
986,1,0,34.143,234.0,0.8,315.0,2.247,88.283,0.397,0.864
987,3,0,33.905,234.0,0.801,313.0,2.287,87.849,0.396,0.853
988,7,1,33.81,234.0,0.803,313.0,2.228,88.613,0.4,0.855
989,4,0,33.238,234.0,0.799,315.0,2.277,86.931,0.402,0.837
990,6,0,33.238,234.0,0.807,314.0,2.242,88.524,0.401,0.835
991,5,0,33.524,234.0,0.804,315.0,2.149,90.242,0.403,0.85
992,2,0,32.762,234.0,0.801,314.0,2.203,88.855,0.403,0.816
993,1,0,32.19,234.0,0.801,312.0,2.233,88.24,0.403,0.789
994,4,0,32.0,234.238,0.799,314.0,2.197,88.407,0.405,0.784
995,8,0,32.0,234.238,0.799,316.0,2.043,92.243,0.409,0.792
996,2,0,32.0,232.667,0.803,314.0,2.116,90.216,0.404,0.782
997,3,0,32.095,234.0,0.8,315.0,2.134,89.617,0.406,0.791
998,9,1,32.381,234.0,0.804,320.0,1.998,93.378,0.415,0.824
999,5,1,32.238,234.0,0.802,320.0,2.008,92.81,0.415,0.817
1000,0,0,32.143,234.0,0.797,314.0,2.138,91.33,0.406,0.792
