time,entropy,path_consecutiveness,bfr,msi,slots,blocked,sumSlots,sumBlockedSlots,ratio
1,0.047619,349.649923,0.000000,0.238095,6," false ",6,0,0.000000
489,43.380952,0.105410,0.822024,349.380952,8," false ",53,3,0.057000
329,38.238095,0.266915,0.813742,347.333333,7," false ",52,3,0.058000
636,50.095238,0.085858,0.841456,349.238095,3," false ",34,2,0.059000
749,49.000000,0.119502,0.855527,348.666667,2," false ",32,2,0.063000
329,38.238095,0.268908,0.815204,347.333333,6," false ",46,3,0.065000
245,35.809524,0.806923,0.796910,341.523810,5," false ",45,3,0.067000
328,38.047619,0.271043,0.815356,347.333333,6," false ",43,3,0.070000
685,49.476190,0.084996,0.869876,349.857143,3," true ",42,3,0.071000
316,40.380952,0.364498,0.825784,346.000000,3," true ",41,3,0.073000
246,35.809524,0.800076,0.798960,342.047619,3," false ",40,3,0.075000
216,32.476190,1.018640,0.736778,332.761905,6," false ",52,4,0.077000
306,43.619048,0.582596,0.824812,342.809524,5," false ",51,4,0.078000
319,40.285714,0.363587,0.818818,346.000000,5," false ",38,3,0.079000
671,46.857143,0.103077,0.849221,349.095238,5," false ",50,4,0.080000
318,40.190476,0.365140,0.824830,346.000000,8," false ",37,3,0.081000
672,47.238095,0.099774,0.844727,349.095238,2," false ",49,4,0.082000
215,32.476190,1.026850,0.731772,332.761905,4," true ",48,4,0.083000
228,33.380952,0.683219,0.757710,339.619048,3," false ",47,4,0.085000
318,40.190476,0.363800,0.823850,346.000000,2," false ",35,3,0.086000
215,32.190476,1.027888,0.730759,332.761905,8," false ",46,4,0.087000
256,38.047619,0.392518,0.800404,337.000000,3," true ",34,3,0.088000
640,50.333333,0.155313,0.850470,346.047619,3," false ",45,4,0.089000
215,32.285714,1.030078,0.731383,332.761905,1," false ",44,4,0.091000
217,32.571429,1.007407,0.734741,332.761905,4," false ",43,4,0.093000
224,33.809524,0.832898,0.747691,339.761905,5," false ",53,5,0.094000
217,32.666667,0.995764,0.735054,332.761905,2," false ",42,4,0.095000
224,34.000000,0.811047,0.762758,339.761905,6," false ",52,5,0.096000
344,42.047619,0.227115,0.818645,346.857143,5," false ",31,3,0.097000
224,33.809524,0.836696,0.748235,339.761905,5," false ",51,5,0.098000
224,33.714286,0.844883,0.743964,339.761905,8," false ",50,5,0.100000
911,46.857143,0.618366,0.823002,344.857143,6," false ",69,7,0.101000
269,39.047619,0.351780,0.811031,340.809524,7," false ",49,5,0.102000
186,29.857143,1.553329,0.679664,319.190476,6," false ",58,6,0.103000
326,43.714286,0.258967,0.829515,347.857143,6," false ",48,5,0.104000
506,47.761905,0.168057,0.844989,347.000000,4," true ",38,4,0.105000
223,33.333333,0.904567,0.744613,339.761905,5," true ",47,5,0.106000
185,29.666667,1.606776,0.680306,319.190476,6," true ",56,6,0.107000
685,51.142857,0.148100,0.829718,346.000000,1," false ",37,4,0.108000
649,50.809524,0.165156,0.839451,346.380952,3," false ",46,5,0.109000
650,50.714286,0.165081,0.839100,346.380952,4," false ",45,5,0.111000
188,29.666667,1.493522,0.670118,322.380952,8," false ",53,6,0.113000
572,49.095238,0.146406,0.850012,347.857143,2," false ",35,4,0.114000
610,38.761905,1.008416,0.797071,335.952381,8," false ",61,7,0.115000
649,50.904762,0.166326,0.840281,346.380952,6," false ",43,5,0.116000
198,31.095238,1.031174,0.716718,331.476190,3," false ",60,7,0.117000
506,47.761905,0.167006,0.844811,347.000000,3," false ",34,4,0.118000
649,51.000000,0.168857,0.840508,346.380952,8," false ",42,5,0.119000
613,49.761905,0.162238,0.868817,348.047619,8," false ",50,6,0.120000
578,48.809524,0.130855,0.846054,347.857143,2," false ",33,4,0.121000
238,36.190476,0.674962,0.779371,339.761905,6," true ",49,6,0.122000
543,48.619048,0.185287,0.856977,347.428571,8," false ",57,7,0.123000
234,35.428571,0.758999,0.784477,339.761905,6," false ",48,6,0.125000
639,50.428571,0.153126,0.850968,346.047619,7," false ",55,7,0.127000
234,35.333333,0.758182,0.783964,339.761905,6," false ",47,6,0.128000
572,48.904762,0.143172,0.849102,347.857143,4," false ",31,4,0.129000
234,35.333333,0.757730,0.783172,339.761905,2," false ",46,6,0.130000
787,46.238095,0.715434,0.826622,344.619048,7," false ",61,8,0.131000
541,48.476190,0.144303,0.846543,347.476190,8," false ",53,7,0.132000
233,35.333333,0.783038,0.789523,339.761905,2," false ",45,6,0.133000
646,50.809524,0.155072,0.845706,346.380952,6," false ",37,5,0.135000
233,35.428571,0.792225,0.782928,339.761905,4," false ",44,6,0.136000
541,48.571429,0.136205,0.850711,347.476190,6," false ",51,7,0.137000
578,48.809524,0.130186,0.845622,347.857143,3," false ",29,4,0.138000
645,50.619048,0.145276,0.847077,346.380952,5," false ",36,5,0.139000
233,35.428571,0.795718,0.784345,339.761905,1," false ",43,6,0.140000
249,38.000000,0.557216,0.789416,343.142857,1," false ",35,5,0.143000
599,50.238095,0.131146,0.844154,347.952381,7," false ",55,8,0.145000
210,31.809524,1.162520,0.736759,331.142857,4," false ",48,7,0.146000
789,54.380952,0.164392,0.876570,347.904762,3," false ",34,5,0.147000
299,41.761905,0.293574,0.815382,347.571429,2," false ",27,4,0.148000
209,31.809524,1.164872,0.736580,331.142857,6," false ",47,7,0.149000
239,36.190476,0.645338,0.776944,339.761905,3," false ",40,6,0.150000
261,39.523810,0.509891,0.796818,343.285714,8," true ",53,8,0.151000
248,37.333333,0.570120,0.787591,343.142857,5," true ",33,5,0.152000
234,35.238095,0.757730,0.783108,339.761905,1," false ",39,6,0.154000
314,43.095238,0.273000,0.825197,347.857143,1," false ",32,5,0.156000
231,35.047619,0.803618,0.781353,339.761905,4," false ",51,8,0.157000
240,36.285714,0.656878,0.780892,339.761905,2," false ",38,6,0.158000
291,42.000000,0.349649,0.811766,347.428571,1," false ",44,7,0.159000
605,50.952381,0.139165,0.832613,347.857143,8," true ",50,8,0.160000
249,37.809524,0.550908,0.789090,343.142857,3," false ",31,5,0.161000
218,32.761905,1.034873,0.737974,332.333333,6," true ",37,6,0.162000
377,44.142857,0.171813,0.849210,348.523810,3," false ",43,7,0.163000
209,31.619048,1.213673,0.722746,330.095238,2," false ",42,7,0.167000
246,37.142857,0.616769,0.787540,340.000000,5," false ",47,8,0.170000
208,31.619048,1.215091,0.720633,330.095238,8," false ",41,7,0.171000
316,43.285714,0.282378,0.824753,347.857143,5," false ",29,5,0.172000
712,52.428571,0.100942,0.875657,349.714286,8," false ",52,9,0.173000
261,39.333333,0.506735,0.794431,343.285714,4," false ",46,8,0.174000
356,44.666667,0.257708,0.847203,348.523810,5," false ",40,7,0.175000
219,32.571429,1.032627,0.737280,332.476190,1," false ",34,6,0.176000
247,37.333333,0.583569,0.787369,343.142857,5," false ",45,8,0.178000
355,44.380952,0.256233,0.846510,348.523810,3," false ",39,7,0.179000
654,51.238095,0.131235,0.874928,349.904762,5," false ",50,9,0.180000
220,32.857143,1.035115,0.738000,332.476190,1," false ",33,6,0.182000
233,35.428571,0.798396,0.782429,339.761905,8," false ",38,7,0.184000
315,43.380952,0.283099,0.825231,347.857143,3," false ",27,5,0.185000
265,40.000000,0.479311,0.817151,344.333333,3," false ",43,8,0.186000
240,36.190476,0.650784,0.780001,339.761905,2," false ",32,6,0.188000
208,31.619048,1.350008,0.725156,330.095238,3," false ",37,7,0.189000
265,40.095238,0.478995,0.817570,344.333333,8," false ",42,8,0.190000
267,37.095238,0.509845,0.802523,343.428571,3," false ",47,9,0.191000
461,46.952381,0.179484,0.844836,348.523810,1," false ",26,5,0.192000
266,36.619048,0.497635,0.806816,343.428571,8," false ",57,11,0.193000
255,38.000000,0.572961,0.787386,340.476190,3," false ",36,7,0.194000
262,39.333333,0.507877,0.799570,343.285714,3," false ",41,8,0.195000
267,37.000000,0.500545,0.802715,343.428571,5," false ",46,9,0.196000
894,48.238095,0.426013,0.858296,344.666667,1," false ",61,12,0.197000
206,31.142857,1.380793,0.723193,329.952381,7," true ",35,7,0.200000
301,39.904762,0.364240,0.801619,341.285714,8," false ",54,11,0.204000
284,41.333333,0.310775,0.823453,347.428571,5," false ",39,8,0.205000
206,31.142857,1.379604,0.722909,329.952381,2," false ",34,7,0.206000
331,40.666667,0.291886,0.803538,343.809524,6," false ",29,6,0.207000
542,49.190476,0.121028,0.861501,349.523810,3," true ",48,10,0.208000
400,46.285714,0.238035,0.842152,348.238095,8," false ",43,9,0.209000
748,52.952381,0.173257,0.873541,348.523810,8," false ",62,13,0.210000
247,37.333333,0.580516,0.787275,343.142857,1," false ",38,8,0.211000
720,53.190476,0.154899,0.856995,346.619048,6," true ",52,11,0.212000
514,47.523810,0.143766,0.838739,347.095238,2," false ",47,10,0.213000
273,40.142857,0.328673,0.825407,347.428571,8," false ",56,12,0.214000
285,41.333333,0.310358,0.823168,347.428571,1," false ",37,8,0.216000
513,47.333333,0.140770,0.838099,347.095238,3," false ",46,10,0.217000
666,47.714286,0.102102,0.853208,349.095238,7," false ",55,12,0.218000
207,31.333333,1.389648,0.723218,329.952381,3," false ",32,7,0.219000
267,36.952381,0.500616,0.802495,343.428571,1," false ",41,9,0.220000
262,39.238095,0.506925,0.798272,343.285714,3," false ",36,8,0.222000
356,44.571429,0.256096,0.845978,348.523810,6," false ",49,11,0.224000
927,56.238095,0.132520,0.866863,349.428571,3," false ",40,9,0.225000
224,34.000000,0.811047,0.762758,339.761905,7," true ",53,12,0.226000
424,46.666667,0.176514,0.861075,348.523810,2," false ",44,10,0.227000
275,40.333333,0.333710,0.822842,347.428571,8," true ",57,13,0.228000
262,39.333333,0.507434,0.799282,343.285714,2," false ",35,8,0.229000
873,41.476190,1.101605,0.812789,343.857143,5," false ",61,14,0.230000
273,39.952381,0.354986,0.823332,347.428571,5," true ",52,12,0.231000
971,54.333333,0.145729,0.869605,348.190476,7," false ",56,13,0.232000
424,46.666667,0.174658,0.859926,348.523810,5," false ",43,10,0.233000
282,41.380952,0.316917,0.822916,347.428571,1," false ",47,11,0.234000
623,51.285714,0.128967,0.857023,347.952381,1," false ",51,12,0.235000
972,54.333333,0.147600,0.869889,348.190476,7," false ",55,13,0.236000
542,48.571429,0.139898,0.851024,347.476190,8," false ",59,14,0.237000
196,30.809524,1.081163,0.717987,331.476190,7," true ",63,15,0.238000
296,42.285714,0.301436,0.816804,347.428571,3," false ",46,11,0.239000
718,53.190476,0.153663,0.856241,346.619048,4," false ",50,12,0.240000
275,40.333333,0.333342,0.823365,347.428571,4," false ",54,13,0.241000
760,53.857143,0.132072,0.866255,347.761905,4," false ",33,8,0.242000
246,36.571429,0.429265,0.783845,336.571429,3," false ",37,9,0.243000
507,47.952381,0.159977,0.844268,347.000000,6," false ",41,10,0.244000
388,43.285714,0.183595,0.853799,348.523810,2," false ",49,12,0.245000
542,48.571429,0.139463,0.850703,347.476190,6," false ",57,14,0.246000
270,39.714286,0.437965,0.817596,345.857143,6," true ",40,10,0.250000
200,31.285714,0.938277,0.713263,331.476190,8," false ",59,15,0.254000
326,43.333333,0.286502,0.825950,347.857143,2," false ",55,14,0.255000
266,40.095238,0.446314,0.817356,345.571429,6," true ",43,11,0.256000
511,47.000000,0.154455,0.843763,347.095238,7," false ",35,9,0.257000
759,54.095238,0.134386,0.865901,347.761905,4," false ",31,8,0.258000
244,36.571429,0.653241,0.780314,339.761905,8," false ",54,14,0.259000
275,40.333333,0.328579,0.823645,347.428571,4," false ",50,13,0.260000
812,56.238095,0.171257,0.873084,347.904762,2," false ",46,12,0.261000
356,44.666667,0.257708,0.847203,348.523810,4," true ",42,11,0.262000
507,47.857143,0.166629,0.844926,347.000000,6," true ",38,10,0.263000
280,41.190476,0.322182,0.827165,347.428571,7," false ",53,14,0.264000
233,35.428571,0.799360,0.784439,339.761905,6," false ",49,13,0.265000
484,47.809524,0.221602,0.846585,347.761905,4," false ",45,12,0.267000
270,39.714286,0.437965,0.817596,345.857143,5," true ",41,11,0.268000
281,41.380952,0.316917,0.823007,347.428571,4," false ",52,14,0.269000
426,46.285714,0.172540,0.858481,348.523810,2," false ",37,10,0.270000
655,50.666667,0.164072,0.833489,346.380952,7," true ",48,13,0.271000
269,39.809524,0.440273,0.817252,345.857143,2," false ",44,12,0.273000
270,39.714286,0.424614,0.816729,345.857143,4," false ",40,11,0.275000
285,40.238095,0.299973,0.814125,340.666667,3," false ",29,8,0.276000
367,44.142857,0.206157,0.849456,348.523810,8," false ",47,13,0.277000
304,42.428571,0.245700,0.816348,347.380952,5," false ",54,15,0.278000
210,33.809524,0.635708,0.754374,335.523810,4," false ",43,12,0.279000
670,50.619048,0.136172,0.839165,346.571429,6," false ",50,14,0.280000
510,47.380952,0.157770,0.845045,347.095238,5," false ",32,9,0.281000
357,45.047619,0.251067,0.850038,348.523810,3," false ",39,11,0.282000
275,40.333333,0.329245,0.823471,347.428571,3," false ",46,13,0.283000
251,37.904762,0.578280,0.792133,340.476190,1," false ",42,12,0.286000
378,43.952381,0.169617,0.854246,348.523810,8," false ",52,15,0.288000
270,39.714286,0.435287,0.817264,345.857143,1," false ",38,11,0.289000
773,54.238095,0.160875,0.866688,347.904762,3," false ",31,9,0.290000
230,34.666667,0.808856,0.780195,339.761905,1," false ",55,16,0.291000
243,36.285714,0.649584,0.778529,339.761905,8," false ",48,14,0.292000
766,53.523810,0.148701,0.868623,347.904762,6," true ",41,12,0.293000
350,44.904762,0.275215,0.841599,348.238095,8," true ",51,15,0.294000
233,35.428571,0.802869,0.783525,339.761905,5," false ",44,13,0.295000
472,47.857143,0.176306,0.844453,348.476190,6," false ",54,16,0.296000
300,42.238095,0.274557,0.819439,347.761905,5," false ",37,11,0.297000
279,41.095238,0.319522,0.820183,347.428571,6," true ",47,14,0.298000
313,43.190476,0.259752,0.828186,347.857143,5," true ",40,12,0.300000
233,35.428571,0.798396,0.782429,339.761905,6," true ",43,13,0.302000
476,46.952381,0.185404,0.842956,347.761905,5," true ",33,10,0.303000
367,43.857143,0.203965,0.848811,348.523810,2," false ",46,14,0.304000
595,51.000000,0.333603,0.852429,347.095238,8," true ",59,18,0.305000
270,39.619048,0.423205,0.816443,345.857143,1," false ",36,11,0.306000
309,43.000000,0.236761,0.814030,347.285714,7," true ",39,12,0.308000
623,51.285714,0.129245,0.857179,347.952381,2," false ",55,17,0.309000
347,44.238095,0.284726,0.827852,348.238095,7," false ",42,13,0.310000
277,40.523810,0.325733,0.822490,347.428571,2," false ",45,14,0.311000
267,40.000000,0.440590,0.816907,345.571429,6," false ",48,15,0.313000
308,42.809524,0.238193,0.809882,347.047619,4," false ",35,11,0.314000
720,53.190476,0.154899,0.856995,346.619048,6," true ",54,17,0.315000
314,43.285714,0.269231,0.825497,347.857143,2," false ",38,12,0.316000
367,44.238095,0.217804,0.849117,348.523810,1," false ",41,13,0.317000
277,40.523810,0.323701,0.821810,347.428571,7," false ",44,14,0.318000
312,43.095238,0.245594,0.826270,347.857143,1," false ",47,15,0.319000
562,49.047619,0.185375,0.859307,346.857143,1," false ",50,16,0.320000
875,55.857143,0.139820,0.869063,348.190476,5," false ",56,18,0.321000
623,51.380952,0.129653,0.856934,347.952381,6," false ",59,19,0.322000
688,51.571429,0.162058,0.835724,346.857143,2," false ",31,10,0.323000
250,38.000000,0.579049,0.792308,340.476190,7," true ",37,12,0.324000
367,44.238095,0.217499,0.850297,348.523810,3," false ",40,13,0.325000
243,36.285714,0.666017,0.779102,339.761905,3," false ",43,14,0.326000
390,43.380952,0.193320,0.844477,348.523810,6," true ",55,18,0.327000
325,43.333333,0.281263,0.825087,347.857143,6," false ",61,20,0.328000
253,37.904762,0.569250,0.792916,340.476190,2," false ",36,12,0.333000
868,50.333333,0.323791,0.851170,348.666667,8," true ",65,22,0.338000
326,43.333333,0.287679,0.824562,347.857143,2," false ",59,20,0.339000
410,45.142857,0.202090,0.854673,348.523810,8," true ",47,16,0.340000
241,36.095238,0.643146,0.777989,339.761905,6," true ",41,14,0.341000
815,56.238095,0.171711,0.870579,348.190476,4," false ",38,13,0.342000
362,44.714286,0.250380,0.852360,348.523810,8," false ",35,12,0.343000
298,41.666667,0.294928,0.815176,347.571429,4," true ",32,11,0.344000
479,47.000000,0.196034,0.841861,347.761905,2," false ",29,10,0.345000
593,48.904762,0.118819,0.844521,346.809524,2," false ",52,18,0.346000
422,46.190476,0.160952,0.859226,348.523810,7," false ",49,17,0.347000
269,39.904762,0.439263,0.817396,345.857143,4," false ",46,16,0.348000
231,35.047619,0.801539,0.780747,339.761905,7," true ",43,15,0.349000
328,43.714286,0.275782,0.832215,348.238095,3," false ",60,21,0.350000
586,48.904762,0.122386,0.835842,347.952381,4," true ",57,20,0.351000
281,41.380952,0.316917,0.823007,347.428571,5," true ",54,19,0.352000
679,50.904762,0.142408,0.835473,347.142857,8," true ",34,12,0.353000
720,52.904762,0.155077,0.856727,346.619048,1," false ",48,17,0.354000
461,46.952381,0.180757,0.845156,348.523810,5," true ",31,11,0.355000
328,43.809524,0.279001,0.833207,348.238095,8," false ",59,21,0.356000
286,41.523810,0.325505,0.822312,347.428571,7," true ",42,15,0.357000
592,49.000000,0.114955,0.838541,347.952381,5," true ",53,19,0.358000
277,40.523810,0.325014,0.822159,347.428571,2," false ",39,14,0.359000
273,39.952381,0.365032,0.824472,347.428571,7," false ",50,18,0.360000
366,43.761905,0.228176,0.849936,348.523810,2," false ",36,13,0.361000
429,46.380952,0.148628,0.858475,348.523810,4," true ",47,17,0.362000
717,52.904762,0.152697,0.855436,346.619048,4," false ",55,20,0.364000
503,47.952381,0.170840,0.848895,347.000000,7," false ",52,19,0.365000
382,43.952381,0.159399,0.856565,348.523810,2," false ",41,15,0.366000
299,41.857143,0.281847,0.813771,347.761905,7," true ",30,11,0.367000
350,44.904762,0.262298,0.840752,348.238095,4," false ",57,21,0.368000
398,46.238095,0.457312,0.847911,347.238095,8," true ",65,24,0.369000
225,34.000000,0.835088,0.757246,339.761905,8," true ",54,20,0.370000
366,43.857143,0.229219,0.850699,348.523810,7," false ",35,13,0.371000
332,44.095238,0.307612,0.833694,348.238095,7," false ",43,16,0.372000
282,41.380952,0.315762,0.822315,347.428571,8," true ",51,19,0.373000
306,42.333333,0.250681,0.813253,346.904762,1," false ",48,18,0.375000
230,34.857143,0.808044,0.780362,339.761905,1," false ",61,23,0.377000
408,44.952381,0.197849,0.853915,348.523810,4," false ",37,14,0.378000
245,36.761905,0.650313,0.781464,339.761905,3," false ",58,22,0.379000
608,51.428571,0.137930,0.845537,347.857143,6," true ",50,19,0.380000
284,41.380952,0.311169,0.824405,347.428571,8," false ",42,16,0.381000
350,44.904762,0.275215,0.841372,348.238095,6," true ",55,21,0.382000
271,39.904762,0.377372,0.821159,345.857143,8," false ",47,18,0.383000
343,44.142857,0.307653,0.819088,348.238095,3," false ",39,15,0.385000
244,36.571429,0.653241,0.780314,339.761905,8," true ",57,22,0.386000
565,48.714286,0.161906,0.855872,347.380952,1," false ",31,12,0.387000
589,48.619048,0.128415,0.834743,347.952381,8," true ",49,19,0.388000
333,44.190476,0.282153,0.836820,348.238095,5," false ",54,21,0.389000
306,42.333333,0.248779,0.812805,346.904762,5," true ",41,16,0.390000
594,48.809524,0.117089,0.845815,346.809524,2," false ",46,18,0.391000
305,42.523810,0.249696,0.813205,346.904762,1," false ",51,20,0.392000
245,36.857143,0.633616,0.781282,339.761905,3," false ",56,22,0.393000
365,43.857143,0.233543,0.850378,348.523810,4," false ",33,13,0.394000
231,35.047619,0.800649,0.779849,339.761905,3," false ",38,15,0.395000
276,40.523810,0.329581,0.823810,347.428571,6," true ",48,19,0.396000
540,48.333333,0.195973,0.855215,347.428571,7," false ",58,23,0.397000
290,42.190476,0.357667,0.814096,347.428571,7," false ",55,22,0.400000
288,42.190476,0.359343,0.823038,347.428571,6," false ",47,19,0.404000
373,43.761905,0.194810,0.845299,348.523810,5," false ",42,17,0.405000
906,54.142857,0.133865,0.857345,348.380952,1," false ",32,13,0.406000
245,36.857143,0.623341,0.780866,339.761905,2," false ",54,22,0.407000
333,43.904762,0.274688,0.835709,348.238095,2," false ",49,20,0.408000
300,42.238095,0.272984,0.818826,347.761905,2," false ",44,18,0.409000
308,42.714286,0.249948,0.810627,346.904762,8," false ",39,16,0.410000
560,48.666667,0.176972,0.857751,346.857143,3," false ",56,23,0.411000
333,44.000000,0.305005,0.833524,348.238095,8," true ",51,21,0.412000
366,43.761905,0.219668,0.849589,348.523810,8," false ",46,19,0.413000
336,44.285714,0.309125,0.819025,348.238095,1," false ",29,12,0.414000
302,42.523810,0.262950,0.819734,346.619048,4," false ",53,22,0.415000
334,44.000000,0.289317,0.837041,348.238095,1," false ",48,20,0.417000
471,47.380952,0.178996,0.844315,348.476190,7," false ",55,23,0.418000
300,42.238095,0.274557,0.819439,347.761905,7," true ",43,18,0.419000
806,56.190476,0.153287,0.863203,347.904762,8," false ",50,21,0.420000
331,44.476190,0.317796,0.834566,348.238095,5," true ",38,16,0.421000
330,44.000000,0.302578,0.833773,348.238095,8," true ",45,19,0.422000
289,42.000000,0.357004,0.821600,347.428571,1," false ",52,22,0.423000
926,53.761905,0.182198,0.866300,350.000000,8," true ",59,25,0.424000
250,38.000000,0.579049,0.792308,340.476190,5," true ",40,17,0.425000
325,43.333333,0.282618,0.826043,347.857143,6," false ",61,26,0.426000
225,34.095238,0.757162,0.775398,339.761905,8," false ",70,30,0.429000
896,55.666667,0.111551,0.863718,348.380952,6," true ",51,22,0.431000
251,37.904762,0.578280,0.792133,340.476190,7," true ",44,19,0.432000
847,55.952381,0.131845,0.876768,349.571429,5," true ",60,26,0.433000
303,42.238095,0.253365,0.818847,347.380952,8," false ",53,23,0.434000
401,43.761905,0.187714,0.850911,348.523810,3," false ",46,20,0.435000
369,44.000000,0.195715,0.852138,348.523810,5," true ",39,17,0.436000
510,47.571429,0.163407,0.845595,347.095238,5," true ",32,14,0.438000
271,39.809524,0.399645,0.822223,345.857143,7," false ",41,18,0.439000
805,56.095238,0.160513,0.863634,347.904762,7," false ",50,22,0.440000
232,35.047619,0.800298,0.779763,339.761905,1," false ",34,15,0.441000
283,41.476190,0.318696,0.826092,347.428571,2," false ",43,19,0.442000
263,38.666667,0.379433,0.812723,340.809524,5," false ",61,27,0.443000
307,42.619048,0.246725,0.813610,346.904762,1," false ",36,16,0.444000
451,47.428571,0.181997,0.854219,348.523810,7," true ",56,25,0.446000
300,42.238095,0.272984,0.818826,347.761905,7," true ",47,21,0.447000
228,34.666667,0.809879,0.781928,339.761905,2," false ",67,30,0.448000
290,42.095238,0.364932,0.815429,347.428571,7," false ",49,22,0.449000
431,46.380952,0.145735,0.858932,348.523810,7," false ",40,18,0.450000
834,55.714286,0.169609,0.864914,348.190476,7," true ",51,23,0.451000
677,50.619048,0.138885,0.838758,347.142857,2," false ",42,19,0.452000
621,51.666667,0.130306,0.856681,347.952381,5," false ",53,24,0.453000
225,33.904762,0.804139,0.762675,339.761905,8," false ",66,30,0.455000
229,34.666667,0.809533,0.780369,339.761905,6," false ",68,31,0.456000
322,44.095238,0.281390,0.830134,347.857143,1," false ",35,16,0.457000
268,39.714286,0.442543,0.816372,345.857143,7," false ",48,22,0.458000
372,43.952381,0.202545,0.846793,348.523810,2," false ",37,17,0.459000
267,40.000000,0.440590,0.816907,345.571429,8," true ",50,23,0.460000
284,41.380952,0.312204,0.824852,347.428571,2," false ",39,18,0.462000
253,37.904762,0.570111,0.793553,340.476190,4," false ",41,19,0.463000
343,41.476190,0.309550,0.836679,348.666667,7," true ",56,26,0.464000
334,44.000000,0.288110,0.837575,348.238095,2," false ",43,20,0.465000
225,34.000000,0.835088,0.757246,339.761905,7," true ",58,27,0.466000
391,43.571429,0.184154,0.843971,348.523810,2," false ",45,21,0.467000
290,41.904762,0.385830,0.817877,347.428571,3," false ",47,22,0.468000
446,47.142857,0.194494,0.855506,348.523810,3," false ",32,15,0.469000
565,48.714286,0.156509,0.855314,347.380952,4," true ",34,16,0.471000
371,43.857143,0.197021,0.847598,348.523810,1," false ",36,17,0.472000
289,42.190476,0.358088,0.822254,347.428571,7," false ",55,26,0.473000
271,39.619048,0.426702,0.816463,345.857143,7," true ",38,18,0.474000
252,37.904762,0.568414,0.790389,340.476190,3," false ",40,19,0.475000
335,44.285714,0.300409,0.837591,348.238095,2," false ",42,20,0.476000
358,45.238095,0.248645,0.850667,348.523810,7," true ",44,21,0.477000
320,44.428571,0.289931,0.830967,347.857143,5," false ",46,22,0.478000
859,55.142857,0.158264,0.872870,348.190476,6," false ",48,23,0.479000
503,48.047619,0.172178,0.849612,347.000000,4," false ",50,24,0.480000
333,44.190476,0.274756,0.836265,348.238095,2," false ",52,25,0.481000
333,44.190476,0.282153,0.836820,348.238095,6," true ",56,27,0.482000
311,43.380952,0.229380,0.825923,347.857143,7," false ",60,29,0.483000
384,43.666667,0.164942,0.857041,348.523810,1," false ",31,15,0.484000
566,49.095238,0.154624,0.855503,347.380952,4," false ",33,16,0.485000
703,52.285714,0.175651,0.844878,347.380952,5," true ",37,18,0.486000
252,37.904762,0.576220,0.791079,340.476190,3," false ",39,19,0.487000
347,44.142857,0.295808,0.823938,348.238095,2," false ",43,21,0.488000
321,44.333333,0.277578,0.830480,347.857143,5," false ",45,22,0.489000
421,46.571429,0.161040,0.860694,348.523810,5," false ",51,25,0.490000
559,48.571429,0.183310,0.857234,346.857143,8," false ",55,27,0.491000
311,43.476190,0.232052,0.827373,347.857143,4," false ",59,29,0.492000
288,42.190476,0.359343,0.823038,347.428571,7," true ",52,26,0.500000
527,49.047619,0.154623,0.851949,347.476190,6," true ",59,30,0.508000
311,43.380952,0.227943,0.825391,347.857143,3," false ",57,29,0.509000
390,43.476190,0.191604,0.843366,348.523810,7," true ",49,25,0.510000
287,41.809524,0.358186,0.821418,347.428571,8," true ",45,23,0.511000
343,44.142857,0.311274,0.819357,348.238095,1," false ",43,22,0.512000
408,44.857143,0.198637,0.854728,348.523810,5," false ",39,20,0.513000
251,37.904762,0.576711,0.791650,340.476190,1," false ",37,19,0.514000
533,47.190476,0.241780,0.852327,347.952381,1," false ",33,17,0.515000
854,54.809524,0.170650,0.878622,348.190476,8," true ",31,16,0.516000
303,42.238095,0.253365,0.818847,347.380952,7," true ",58,30,0.517000
302,42.428571,0.264813,0.820586,346.619048,4," false ",56,29,0.518000
420,46.095238,0.167558,0.851908,348.523810,7," false ",54,28,0.519000
401,43.761905,0.187714,0.850911,348.523810,6," true ",50,26,0.520000
399,43.761905,0.196780,0.850952,348.523810,5," true ",48,25,0.521000
454,47.428571,0.197198,0.846006,348.523810,3," false ",46,24,0.522000
376,44.333333,0.178109,0.848358,348.523810,6," false ",44,23,0.523000
346,44.238095,0.302261,0.822052,348.238095,2," false ",42,22,0.524000
324,43.904762,0.282346,0.828607,347.857143,4," false ",40,21,0.525000
365,44.238095,0.236518,0.849481,348.523810,4," false ",38,20,0.526000
311,43.285714,0.225972,0.824665,347.857143,3," false ",55,29,0.527000
338,44.476190,0.304982,0.818810,348.238095,4," false ",36,19,0.528000
768,53.904762,0.150601,0.869914,347.904762,7," true ",51,27,0.529000
447,47.142857,0.197382,0.854943,348.523810,1," false ",32,17,0.531000
325,43.523810,0.285462,0.827000,347.857143,5," false ",62,33,0.532000
632,49.809524,0.154416,0.859341,347.761905,3," false ",45,24,0.533000
699,52.238095,0.165752,0.848002,347.380952,4," false ",58,31,0.534000
497,47.571429,0.202544,0.848559,346.571429,8," true ",43,23,0.535000
825,56.190476,0.150182,0.870782,348.190476,8," true ",56,30,0.536000
302,42.523810,0.267098,0.821792,346.619048,7," false ",54,29,0.537000
533,49.000000,0.142592,0.845112,347.476190,5," false ",52,28,0.538000
347,44.428571,0.296750,0.825022,348.238095,7," false ",50,27,0.540000
462,46.857143,0.171293,0.843796,348.523810,1," false ",37,20,0.541000
359,45.238095,0.248956,0.850734,348.523810,5," true ",48,26,0.542000
361,44.761905,0.253947,0.850024,348.523810,3," false ",35,19,0.543000
503,48.047619,0.175322,0.850456,347.000000,7," false ",57,31,0.544000
456,47.428571,0.192464,0.855464,348.523810,1," false ",44,24,0.545000
301,42.142857,0.291724,0.817765,346.619048,8," true ",53,29,0.547000
376,44.142857,0.202039,0.845457,348.523810,3," false ",42,23,0.548000
420,46.095238,0.167584,0.853427,348.523810,4," false ",51,28,0.549000
284,41.380952,0.312204,0.824852,347.428571,4," true ",40,22,0.550000
228,34.666667,0.809879,0.781928,339.761905,8," true ",69,38,0.551000
539,48.809524,0.150389,0.848063,347.476190,6," false ",58,32,0.552000
674,50.619048,0.138992,0.838895,347.142857,2," false ",47,26,0.553000
884,56.857143,0.160505,0.876951,349.190476,7," true ",56,31,0.554000
225,34.000000,0.835088,0.757246,339.761905,8," true ",63,35,0.556000
622,53.476190,0.128100,0.871902,350.047619,5," true ",61,34,0.557000
617,52.285714,0.113905,0.858914,347.952381,3," false ",52,29,0.558000
811,54.000000,0.100308,0.870889,348.619048,5," true ",59,33,0.559000
379,43.952381,0.167948,0.854073,348.523810,1," false ",50,28,0.560000
283,41.476190,0.315468,0.825616,347.428571,4," true ",41,23,0.561000
347,44.428571,0.296121,0.824743,348.238095,1," false ",48,27,0.563000
421,46.380952,0.159871,0.859884,348.523810,6," true ",55,31,0.564000
359,45.238095,0.245398,0.850471,348.523810,2," false ",46,26,0.565000
924,56.380952,0.144740,0.865497,349.428571,2," false ",53,30,0.566000
825,56.190476,0.150182,0.870782,348.190476,8," true ",60,34,0.567000
323,44.000000,0.281904,0.830299,347.857143,6," true ",37,21,0.568000
301,42.333333,0.274320,0.818513,346.619048,3," false ",51,29,0.569000
336,44.285714,0.309125,0.819025,348.238095,4," true ",28,16,0.571000
267,39.904762,0.440031,0.816597,345.571429,4," false ",47,27,0.574000
374,43.666667,0.192717,0.845092,348.523810,6," true ",40,23,0.575000
337,44.476190,0.309138,0.819027,348.238095,8," true ",33,19,0.576000
303,42.238095,0.272561,0.819994,346.619048,8," true ",52,30,0.577000
324,43.714286,0.279942,0.829905,347.857143,8," false ",45,26,0.578000
527,48.952381,0.165021,0.851356,347.476190,8," false ",57,33,0.579000
341,44.095238,0.301892,0.821646,348.238095,3," false ",50,29,0.580000
311,43.476190,0.232052,0.827373,347.857143,7," true ",62,36,0.581000
698,52.238095,0.161563,0.847985,347.380952,7," true ",55,32,0.582000
590,48.714286,0.132820,0.837205,347.952381,2," false ",48,28,0.583000
243,36.666667,0.423756,0.779991,336.571429,6," false ",41,24,0.585000
370,42.666667,0.207816,0.834766,347.428571,4," true ",58,34,0.586000
267,40.000000,0.440590,0.816907,345.571429,4," true ",46,27,0.587000
461,46.952381,0.179484,0.844836,348.523810,8," true ",34,20,0.588000
527,48.952381,0.165021,0.851251,347.476190,1," false ",56,33,0.589000
284,41.285714,0.316340,0.825442,347.428571,2," false ",39,23,0.590000
617,52.190476,0.119591,0.859640,347.952381,4," false ",44,26,0.591000
618,52.095238,0.119934,0.861521,347.952381,3," false ",49,29,0.592000
538,48.714286,0.150254,0.848458,347.476190,8," false ",54,32,0.593000
385,43.666667,0.188218,0.854173,348.523810,4," false ",32,19,0.594000
406,45.095238,0.203364,0.855392,348.523810,3," false ",42,25,0.595000
590,48.904762,0.131025,0.836479,347.952381,4," false ",47,28,0.596000
311,43.476190,0.230347,0.826577,347.857143,2," false ",60,36,0.600000
265,38.761905,0.378364,0.812559,340.809524,8," true ",58,35,0.603000
340,44.380952,0.303295,0.818405,348.238095,3," false ",48,29,0.604000
339,44.571429,0.308801,0.819528,348.238095,4," false ",43,26,0.605000
627,50.285714,0.136141,0.855737,347.952381,7," true ",33,20,0.606000
890,55.571429,0.120588,0.864008,348.380952,8," true ",56,34,0.607000
403,44.047619,0.196226,0.849146,348.523810,6," true ",51,31,0.608000
430,46.095238,0.146066,0.859230,348.523810,6," true ",46,28,0.609000
379,44.047619,0.168932,0.854417,348.523810,6," true ",59,36,0.610000
898,55.571429,0.123771,0.864608,348.380952,8," true ",54,33,0.611000
676,50.428571,0.147025,0.839675,347.142857,4," true ",49,30,0.612000
386,43.571429,0.189286,0.853538,348.523810,1," false ",31,19,0.613000
347,44.428571,0.301900,0.823119,348.238095,6," true ",44,27,0.614000
990,55.380952,0.150407,0.879176,348.190476,3," false ",52,32,0.615000
379,44.047619,0.168932,0.854417,348.523810,8," true ",60,37,0.617000
447,47.142857,0.197382,0.854943,348.523810,4," true ",34,21,0.618000
324,43.714286,0.281049,0.827833,347.857143,7," true ",42,26,0.619000
857,55.095238,0.162032,0.871792,348.190476,4," false ",50,31,0.620000
991,56.142857,0.177312,0.853650,349.000000,6," true ",29,18,0.621000
550,48.571429,0.144646,0.848271,347.476190,4," false ",45,28,0.622000
405,44.238095,0.198122,0.853764,348.523810,3," false ",53,33,0.623000
444,46.761905,0.176160,0.853951,348.523810,4," true ",40,25,0.625000
989,55.380952,0.149826,0.879997,348.190476,4," true ",51,32,0.627000
267,39.904762,0.430632,0.816206,345.857143,2," false ",43,27,0.628000
698,52.238095,0.159290,0.847651,347.380952,7," false ",62,39,0.629000
346,44.238095,0.302261,0.822052,348.238095,7," true ",46,29,0.630000
880,49.619048,0.070518,0.854761,350.285714,5," true ",65,41,0.631000
379,43.952381,0.168932,0.854369,348.523810,1," false ",57,36,0.632000
385,43.571429,0.190956,0.854661,348.523810,2," false ",30,19,0.633000
338,44.476190,0.304982,0.818810,348.238095,7," true ",41,26,0.634000
547,49.095238,0.182635,0.857579,347.428571,4," false ",52,33,0.635000
559,48.666667,0.183555,0.855218,346.857143,8," false ",55,35,0.636000
435,46.857143,0.147032,0.856552,348.523810,5," true ",47,30,0.638000
478,44.380952,0.309327,0.853775,347.476190,6," false ",61,39,0.639000
925,52.952381,0.148001,0.854360,348.380952,6," true ",50,32,0.640000
408,44.952381,0.201706,0.856138,348.523810,5," false ",39,25,0.641000
890,55.571429,0.124612,0.864969,348.380952,7," true ",53,34,0.642000
365,44.238095,0.235807,0.849321,348.523810,7," true ",42,27,0.643000
288,40.095238,0.313894,0.812123,340.666667,8," true ",45,29,0.644000
517,48.095238,0.140204,0.845285,347.476190,8," true ",62,40,0.645000
707,52.142857,0.188072,0.841376,347.476190,3," false ",48,31,0.646000
324,43.714286,0.279942,0.829905,347.857143,7," true ",51,33,0.647000
379,43.857143,0.167212,0.853525,348.523810,7," true ",54,35,0.648000
386,43.761905,0.191042,0.854184,348.523810,5," true ",37,24,0.649000
916,54.047619,0.133007,0.849020,348.380952,8," true ",40,26,0.650000
441,46.666667,0.176515,0.854567,348.523810,1," false ",43,28,0.651000
468,47.095238,0.157782,0.846674,348.523810,8," false ",66,43,0.652000
538,48.523810,0.160723,0.846409,347.476190,8," true ",49,32,0.653000
887,56.190476,0.121231,0.866042,348.238095,7," true ",52,34,0.654000
271,39.428571,0.334104,0.812004,341.047619,8," true ",55,36,0.655000
857,54.666667,0.085120,0.881056,349.857143,3," true ",32,21,0.656000
433,46.571429,0.204943,0.841636,347.285714,4," false ",35,23,0.657000
846,54.380952,0.164170,0.877253,348.190476,2," false ",38,25,0.658000
441,46.666667,0.176515,0.854567,348.523810,6," true ",44,29,0.659000
398,43.666667,0.191662,0.849760,348.523810,2," false ",47,31,0.660000
727,53.047619,0.146352,0.860937,346.619048,2," false ",59,39,0.661000
531,48.714286,0.159982,0.866304,349.523810,8," true ",65,43,0.662000
487,48.238095,0.232281,0.843314,347.238095,7," true ",48,32,0.667000
698,52.238095,0.161563,0.847985,347.380952,7," true ",58,39,0.672000
339,44.380952,0.308315,0.819015,348.238095,2," false ",49,33,0.673000
398,43.761905,0.191183,0.850092,348.523810,4," false ",46,31,0.674000
555,48.761905,0.167861,0.855087,347.142857,7," true ",40,27,0.675000
406,45.000000,0.203434,0.855117,348.523810,1," false ",37,25,0.676000
675,51.285714,0.123348,0.866939,347.761905,7," true ",65,44,0.677000
519,48.285714,0.146020,0.845396,347.476190,5," false ",59,40,0.678000
405,43.714286,0.240672,0.844353,347.571429,7," true ",53,36,0.679000
526,48.761905,0.167997,0.850240,347.476190,8," true ",50,34,0.680000
441,46.666667,0.176515,0.854567,348.523810,7," true ",47,32,0.681000
697,51.761905,0.162289,0.841221,347.380952,8," true ",44,30,0.682000
730,53.523810,0.149994,0.862760,346.523810,1," false ",41,28,0.683000
277,39.523810,0.315555,0.814151,341.047619,5," true ",57,39,0.684000
355,42.428571,0.203373,0.822693,347.428571,5," false ",54,37,0.685000
380,43.952381,0.168275,0.855401,348.523810,5," false ",51,35,0.686000
339,44.571429,0.308801,0.819528,348.238095,7," true ",48,33,0.688000
800,56.000000,0.157241,0.872309,347.904762,7," true ",45,31,0.689000
278,39.809524,0.319651,0.813256,340.666667,6," true ",58,40,0.690000
899,56.619048,0.170232,0.864404,349.190476,8," true ",55,38,0.691000
381,44.333333,0.168795,0.856786,348.523810,8," true ",52,36,0.692000
441,46.666667,0.176515,0.854567,348.523810,6," true ",49,34,0.694000
277,39.523810,0.315555,0.814151,341.047619,5," false ",59,41,0.695000
404,44.238095,0.203119,0.850844,348.523810,8," true ",56,39,0.696000
370,42.095238,0.257983,0.817773,346.333333,7," true ",33,23,0.697000
526,48.761905,0.167997,0.850240,347.476190,8," true ",53,37,0.698000
917,53.952381,0.128684,0.849723,348.380952,7," true ",50,35,0.700000
406,45.000000,0.205649,0.856271,348.523810,1," false ",47,33,0.702000
865,54.428571,0.088871,0.876585,349.857143,1," false ",37,26,0.703000
398,46.666667,0.239853,0.844807,348.238095,5," false ",54,38,0.704000
727,53.000000,0.146590,0.861286,346.619048,7," true ",61,43,0.705000
381,44.333333,0.168075,0.856669,348.523810,1," false ",51,36,0.706000
353,42.333333,0.297788,0.830020,348.666667,2," false ",41,29,0.707000
441,46.666667,0.176976,0.854670,348.523810,1," false ",48,34,0.708000
621,51.571429,0.137761,0.854560,347.952381,5," false ",55,39,0.709000
379,42.095238,0.254215,0.827628,346.333333,1," false ",62,44,0.710000
682,49.857143,0.112562,0.859894,347.761905,2," false ",38,27,0.711000
398,43.666667,0.191662,0.849760,348.523810,6," true ",52,37,0.712000
467,46.904762,0.157874,0.846824,348.523810,2," false ",56,40,0.714000
526,48.761905,0.168221,0.848429,347.476190,8," false ",46,33,0.717000
757,49.666667,0.135748,0.858714,348.666667,5," true ",39,28,0.718000
277,39.714286,0.317902,0.815149,341.047619,7," true ",57,41,0.719000
803,55.904762,0.160168,0.867203,347.904762,2," false ",50,36,0.720000
549,48.571429,0.138969,0.849093,347.476190,5," true ",43,31,0.721000
404,44.047619,0.202320,0.849942,348.523810,4," false ",54,39,0.722000
902,55.285714,0.148250,0.869106,348.380952,8," true ",65,47,0.723000
532,49.000000,0.141045,0.846235,347.476190,2," false ",58,42,0.724000
723,52.428571,0.154325,0.857697,346.619048,4," true ",40,29,0.725000
813,54.190476,0.111197,0.870312,348.142857,6," true ",62,45,0.726000
406,44.904762,0.207974,0.855966,348.523810,6," true ",55,40,0.727000
985,54.619048,0.145488,0.877066,348.190476,1," false ",48,35,0.729000
323,39.000000,0.307621,0.806531,347.285714,6," true ",63,46,0.730000
852,56.047619,0.147138,0.873731,349.190476,7," true ",52,38,0.731000
405,44.238095,0.198122,0.853764,348.523810,5," true ",56,41,0.732000
525,48.761905,0.173914,0.848845,347.476190,3," true ",45,33,0.733000
813,54.190476,0.111197,0.870312,348.142857,8," true ",64,47,0.734000
722,53.000000,0.154878,0.856953,346.619048,6," true ",49,36,0.735000
620,51.952381,0.135133,0.854227,347.952381,6," true ",53,39,0.736000
873,55.571429,0.144538,0.865768,348.190476,4," false ",57,42,0.737000
476,43.714286,0.295414,0.853043,347.476190,5," true ",61,45,0.738000
524,48.666667,0.173725,0.848405,347.476190,6," true ",46,34,0.739000
800,52.000000,0.087044,0.861761,348.666667,6," true ",50,37,0.740000
487,48.619048,0.155523,0.849934,349.571429,7," true ",54,40,0.741000
825,56.190476,0.150182,0.870782,348.190476,6," true ",62,46,0.742000
991,56.142857,0.177312,0.853650,349.000000,8," true ",35,26,0.743000
975,54.714286,0.132511,0.874924,348.190476,2," false ",43,32,0.744000
439,46.571429,0.150240,0.854424,348.523810,3," false ",51,38,0.745000
476,43.714286,0.295414,0.853043,347.476190,7," true ",63,47,0.746000
406,44.904762,0.206952,0.855813,348.523810,6," true ",52,39,0.750000
801,56.000000,0.160141,0.867434,347.904762,8," false ",57,43,0.754000
406,44.904762,0.206952,0.855813,348.523810,1," false ",53,40,0.755000
443,46.952381,0.185433,0.856119,348.523810,4," false ",41,31,0.756000
581,50.190476,0.142881,0.861208,349.047619,2," false ",37,28,0.757000
441,44.761905,0.173528,0.839704,346.619048,8," true ",62,47,0.758000
274,37.809524,0.506638,0.814647,343.428571,7," true ",58,44,0.759000
438,46.761905,0.153721,0.855190,348.523810,2," false ",50,38,0.760000
855,54.809524,0.165775,0.879760,348.190476,5," true ",46,35,0.761000
468,47.095238,0.157904,0.847080,348.523810,8," true ",63,48,0.762000
846,54.380952,0.164170,0.877253,348.190476,4," true ",38,29,0.763000
873,55.571429,0.144868,0.865971,348.190476,5," false ",55,42,0.764000
434,46.809524,0.205524,0.843746,349.238095,8," true ",51,39,0.765000
870,55.761905,0.142051,0.867120,348.190476,6," true ",47,36,0.766000
515,47.857143,0.133056,0.839239,350.095238,4," false ",43,33,0.767000
889,55.666667,0.125564,0.865870,348.380952,3," false ",56,43,0.768000
803,56.190476,0.160829,0.867624,347.904762,3," false ",52,40,0.769000
616,52.714286,0.140691,0.867822,349.904762,6," true ",61,47,0.770000
285,36.857143,0.488248,0.806059,345.476190,2," false ",35,27,0.771000
861,54.714286,0.173985,0.879682,350.142857,8," true ",57,44,0.772000
631,53.095238,0.113032,0.870109,350.047619,3," false ",44,34,0.773000
454,47.428571,0.197198,0.846006,348.523810,5," true ",53,41,0.774000
836,53.238095,0.147967,0.869539,350.142857,7," true ",40,31,0.775000
398,43.761905,0.192836,0.850308,348.523810,5," true ",49,38,0.776000
444,46.952381,0.181896,0.854975,348.523810,2," false ",45,35,0.778000
833,55.523810,0.120012,0.870522,349.571429,3," false ",50,39,0.780000
532,49.095238,0.143573,0.847425,347.476190,8," true ",64,50,0.781000
466,48.476190,0.170119,0.843415,349.571429,3," false ",55,43,0.782000
902,54.809524,0.144112,0.867821,348.380952,6," false ",60,47,0.783000
433,46.571429,0.206007,0.842521,347.285714,4," true ",37,29,0.784000
407,45.000000,0.203434,0.855658,348.523810,8," true ",42,33,0.786000
603,49.523810,0.142267,0.850073,348.523810,7," true ",47,37,0.787000
558,48.666667,0.165777,0.854003,347.142857,2," false ",52,41,0.788000
984,57.095238,0.166568,0.849387,349.428571,1," false ",38,30,0.789000
607,49.714286,0.157500,0.852282,348.619048,7," true ",62,49,0.790000
312,37.333333,0.229969,0.827001,346.523810,5," true ",43,34,0.791000
435,46.857143,0.147032,0.856552,348.523810,8," true ",48,38,0.792000
586,50.952381,0.152508,0.860871,349.047619,4," false ",58,46,0.793000
531,48.904762,0.143242,0.847328,347.476190,6," true ",63,50,0.794000
442,47.047619,0.178110,0.855255,348.523810,4," true ",39,31,0.795000
856,54.904762,0.167263,0.873794,348.190476,4," true ",49,39,0.796000
902,55.000000,0.148239,0.868603,348.380952,2," false ",59,47,0.797000
980,54.714286,0.131946,0.870270,348.190476,7," true ",50,40,0.800000
817,53.095238,0.076214,0.866163,349.857143,8," true ",61,49,0.803000
661,51.000000,0.160494,0.871239,347.761905,7," true ",51,41,0.804000
728,52.285714,0.098956,0.871546,349.714286,3," true ",41,33,0.805000
635,47.571429,0.184688,0.853132,349.238095,1," false ",31,25,0.806000
585,50.571429,0.148224,0.862957,349.047619,4," false ",57,46,0.807000
872,55.666667,0.148092,0.865003,348.190476,6," true ",52,42,0.808000
595,50.666667,0.144998,0.856182,349.047619,4," true ",47,38,0.809000
856,56.619048,0.169153,0.877724,348.761905,6," false ",58,47,0.810000
395,46.714286,0.239473,0.837570,349.809524,7," false ",53,43,0.811000
818,54.523810,0.114758,0.869063,348.142857,5," true ",48,39,0.813000
935,52.857143,0.189509,0.852773,348.190476,7," true ",43,35,0.814000
859,56.523810,0.176101,0.874979,348.761905,5," true ",54,44,0.815000
555,48.761905,0.167861,0.855087,347.142857,6," true ",49,40,0.816000
658,44.571429,0.085919,0.840253,348.857143,3," true ",60,49,0.817000
438,46.761905,0.155165,0.855273,348.523810,8," false ",55,45,0.818000
555,48.761905,0.167861,0.855087,347.142857,8," true ",50,41,0.820000
856,54.809524,0.167091,0.873128,348.190476,5," false ",56,46,0.821000
800,55.904762,0.157241,0.872255,347.904762,6," true ",45,37,0.822000
656,44.666667,0.085140,0.840621,348.857143,8," true ",62,51,0.823000
936,52.952381,0.197700,0.853193,348.190476,7," true ",51,42,0.824000
902,54.904762,0.145157,0.868173,348.380952,3," false ",57,47,0.825000
595,50.285714,0.144430,0.855519,349.047619,2," false ",46,38,0.826000
938,53.333333,0.204982,0.855270,348.190476,7," true ",52,43,0.827000
889,55.571429,0.128661,0.865994,348.238095,6," true ",58,48,0.828000
581,50.142857,0.143143,0.861346,349.047619,4," true ",41,34,0.829000
930,56.619048,0.125218,0.867383,349.428571,4," true ",53,44,0.830000
344,38.380952,0.190787,0.814466,346.523810,6," true ",59,49,0.831000
802,56.190476,0.161073,0.867842,347.904762,6," true ",54,45,0.833000
801,56.000000,0.160141,0.867434,347.904762,3," true ",55,46,0.836000
801,56.095238,0.165366,0.867843,347.904762,8," true ",49,41,0.837000
841,53.238095,0.072114,0.850575,348.190476,8," true ",37,31,0.838000
335,38.095238,0.264144,0.812241,347.333333,8," true ",56,47,0.839000
332,37.952381,0.267744,0.810753,347.333333,5," true ",50,42,0.840000
937,56.095238,0.114978,0.862484,349.428571,5," true ",44,37,0.841000
558,48.571429,0.171247,0.855011,347.142857,1," false ",57,48,0.842000
488,48.619048,0.155523,0.849934,349.571429,4," true ",51,43,0.843000
631,53.095238,0.117278,0.869028,350.047619,3," true ",45,38,0.844000
837,54.809524,0.090818,0.872365,349.857143,8," true ",58,49,0.845000
761,53.333333,0.158759,0.872874,349.571429,1," false ",52,44,0.846000
847,51.428571,0.096123,0.851814,349.428571,8," true ",59,50,0.847000
891,53.809524,0.102229,0.870397,348.952381,2," false ",46,39,0.848000
833,55.619048,0.119951,0.870684,349.571429,6," true ",53,45,0.849000
372,42.190476,0.266253,0.820268,346.333333,7," true ",40,34,0.850000
840,53.333333,0.171883,0.874605,350.142857,7," true ",67,57,0.851000
274,37.809524,0.506638,0.814647,343.428571,8," true ",61,52,0.852000
554,49.333333,0.135265,0.868557,349.523810,7," true ",48,41,0.854000
336,38.095238,0.289184,0.807485,347.333333,1," false ",55,47,0.855000
558,48.666667,0.165777,0.854003,347.142857,7," true ",56,48,0.857000
886,50.428571,0.063387,0.864535,350.285714,8," true ",64,55,0.859000
722,52.619048,0.154864,0.856374,346.619048,6," true ",43,37,0.860000
420,39.238095,0.152845,0.819182,348.571429,4," true ",36,31,0.861000
834,55.809524,0.117476,0.874337,349.571429,8," true ",58,50,0.862000
854,52.571429,0.114289,0.858864,349.047619,4," false ",51,44,0.863000
933,53.238095,0.205110,0.858311,350.000000,5," true ",44,38,0.864000
762,50.904762,0.086126,0.859239,349.714286,8," true ",52,45,0.865000
322,39.904762,0.388732,0.817961,345.285714,7," true ",45,39,0.867000
856,56.619048,0.171670,0.875465,348.761905,7," true ",53,46,0.868000
912,56.285714,0.187103,0.860366,349.190476,7," true ",54,47,0.870000
557,48.761905,0.164963,0.854826,347.142857,5," false ",62,54,0.871000
525,48.761905,0.173914,0.848845,347.476190,8," true ",47,41,0.872000
762,50.904762,0.086126,0.859239,349.714286,5," true ",55,48,0.873000
503,47.857143,0.139049,0.840378,349.142857,5," false ",48,42,0.875000
818,53.000000,0.075297,0.866752,349.857143,3," false ",57,50,0.877000
393,46.904762,0.249383,0.849515,349.809524,8," true ",49,43,0.878000
860,56.619048,0.176641,0.875137,348.761905,7," true ",58,51,0.879000
455,44.047619,0.228232,0.839432,345.285714,5," true ",50,44,0.880000
336,38.095238,0.289402,0.807645,347.333333,5," true ",59,52,0.881000
331,37.952381,0.265607,0.811568,347.333333,5," true ",51,45,0.882000
554,47.000000,0.114253,0.851939,349.095238,7," true ",60,53,0.883000
469,42.428571,0.108809,0.824206,349.380952,1," false ",43,38,0.884000
980,54.714286,0.131946,0.870270,348.190476,6," true ",52,46,0.885000
983,54.809524,0.141091,0.873493,348.190476,5," true ",44,39,0.886000
556,48.857143,0.173606,0.856089,347.142857,7," true ",53,47,0.887000
980,54.714286,0.131946,0.870270,348.190476,7," true ",54,48,0.889000
525,48.761905,0.173586,0.848653,347.476190,1," false ",46,41,0.891000
792,49.809524,0.059690,0.871714,349.761905,7," true ",56,50,0.893000
435,46.857143,0.147032,0.856552,348.523810,4," true ",47,42,0.894000
982,54.428571,0.137302,0.872311,348.190476,3," true ",48,43,0.896000
548,47.571429,0.177198,0.856109,345.476190,6," true ",58,52,0.897000
930,56.238095,0.125926,0.867127,349.428571,1," false ",49,44,0.898000
835,54.047619,0.088314,0.870659,349.857143,8," true ",50,45,0.900000
394,46.904762,0.242859,0.840845,349.809524,4," true ",51,46,0.902000
872,49.238095,0.061690,0.863196,350.285714,3," true ",31,28,0.903000
337,38.666667,0.201076,0.815710,346.523810,6," true ",52,47,0.904000
818,53.095238,0.076203,0.866386,349.857143,8," true ",63,57,0.905000
332,37.952381,0.267744,0.810753,347.333333,6," true ",53,48,0.906000
554,47.000000,0.113298,0.851386,349.095238,4," true ",54,49,0.907000
856,56.619048,0.171670,0.875465,348.761905,4," true ",55,50,0.909000
597,50.380952,0.146184,0.855852,349.047619,5," true ",45,41,0.911000
455,44.047619,0.228232,0.839432,345.285714,8," true ",57,52,0.912000
698,51.761905,0.108094,0.874744,349.714286,3," true ",46,42,0.913000
856,56.619048,0.171670,0.875465,348.761905,7," true ",58,53,0.914000
929,51.809524,0.062827,0.868107,349.952381,1," false ",47,43,0.915000
595,50.285714,0.144430,0.855519,349.047619,6," true ",48,44,0.917000
586,47.000000,0.131692,0.846566,348.857143,5," true ",61,56,0.918000
313,35.619048,0.301034,0.784512,349.380952,3," true ",50,46,0.920000
502,47.380952,0.129632,0.838453,349.809524,4," true ",38,35,0.921000
595,50.285714,0.144430,0.855519,349.047619,7," true ",51,47,0.922000
407,39.857143,0.201971,0.810990,348.238095,7," true ",52,48,0.923000
577,46.952381,0.116238,0.863550,349.238095,8," true ",53,49,0.925000
394,40.095238,0.152757,0.833509,346.666667,8," true ",54,50,0.926000
909,53.761905,0.079002,0.867909,348.714286,8," true ",55,51,0.927000
457,44.238095,0.229224,0.839493,345.285714,1," false ",42,39,0.929000
671,51.000000,0.124747,0.864841,349.047619,8," true ",57,53,0.930000
556,48.857143,0.173606,0.856089,347.142857,7," true ",58,54,0.931000
457,44.238095,0.229224,0.839493,345.285714,5," true ",44,41,0.932000
795,49.857143,0.069677,0.862208,348.714286,4," true ",45,42,0.933000
984,54.619048,0.070829,0.873813,349.428571,8," true ",62,58,0.935000
528,45.380952,0.113813,0.853739,349.428571,4," false ",65,61,0.938000
435,46.857143,0.147032,0.856552,348.523810,4," true ",49,46,0.939000
394,46.904762,0.242478,0.840583,349.809524,7," true ",51,48,0.941000
881,53.666667,0.080862,0.859347,348.904762,5," true ",52,49,0.942000
395,46.904762,0.242478,0.840583,349.809524,6," true ",53,50,0.943000
946,51.666667,0.050786,0.858867,349.333333,8," true ",54,51,0.944000
656,47.190476,0.085397,0.840915,349.714286,2," false ",56,53,0.946000
847,54.666667,0.090237,0.871987,349.857143,8," true ",57,54,0.947000
847,54.666667,0.090237,0.871987,349.857143,6," true ",58,55,0.948000
503,47.857143,0.139172,0.840863,349.142857,7," true ",44,42,0.955000
371,38.523810,0.146020,0.823709,346.666667,7," true ",46,44,0.957000
457,44.238095,0.230536,0.839755,345.285714,6," true ",48,46,0.958000
456,43.952381,0.226386,0.838921,345.285714,1," false ",49,47,0.959000
585,43.761905,0.104041,0.829094,349.619048,6," true ",50,48,0.960000
436,46.952381,0.151387,0.857387,348.523810,7," true ",55,53,0.964000
707,46.285714,0.076540,0.850383,348.714286,7," true ",61,59,0.967000
528,45.380952,0.115459,0.854506,349.428571,5," true ",63,61,0.968000
847,54.666667,0.090237,0.871987,349.857143,8," true ",65,63,0.969000
229,31.761905,0.352528,0.782085,341.952381,3," true ",49,48,0.980000
584,46.523810,0.131751,0.845291,348.857143,8," true ",56,55,0.982000
656,47.190476,0.085518,0.839922,349.714286,8," true ",59,58,0.983000
480,44.047619,0.106748,0.828627,349.380952,8," true ",54,54,1.000000
